,Unnamed: 0,Unnamed: 0.1,No,Reference (KB) Elev. (ft),Ground Elevation (ft),MD (All Wells) (ft),TVD (ft),Bot-Hole direction (N/S)/(E/W),Bot-Hole Easting (NAD83),Bot-Hole Northing (NAD83),Stimulation Fluid,Total Proppant Placed (tonne),Avg Proppant Placed per Stage (tonne),Total Fluid Pumped (m3),Avg Fluid Pumped per Stage (m3),Stages Actual,Completed Length (m),Avg Frac Spacing (m),Load Fluid Rec (m3),Load Fluid (m3),Avg Fluid Pumped / Meter (m3),Avg Proppant Placed / Meter (tonne),Proppant Composition,Proppant Name 1,Proppant Size 1,Avg Proppant 1 Placed (tonne),Total Proppant 1 Placed (tonne),Total Ceramic Proppant Placed (tonne),Total Sand Proppant Placed (tonne),Y_first6
0,0,0,354,3323,3298,15384,10746,0.583086681,0.5207013429999999,0.202392788,1,1197.61,66.53,3214.7,178.59,18,1249.6,73.5,1148.37,3248.3,2.57,0.96,0,0,40.0,35.48,638.7,638.7,558.91,99580.58333
1,1,1,372,3073,3054,20167,10440,1.059931507,0.402927322,0.242268801,6,4212.32,117.01,9727.2,270.2,36,2711.9,77.41,1604.27,11438.43,3.59,1.55,0,1,60.0,13.8,496.97,496.97,3715.35,82942.66667
2,2,2,383,3318,3291,18832,10745,1.913723219,0.35115139700000003,0.27438054,5,5131.4,95.03,52997.8,981.44,54,2275.37,42.88,914.98,52997.8,23.29,2.26,1,2,55.0,95.03,5131.4,0.0,5131.4,55833.66667000001
3,3,3,395,3220,3188,20243,10884,0.185480944,0.231013853,0.305237294,5,3044.0,49.9,42791.76,701.5,61,2687.2,43.04,0.0,51059.6,15.92,1.13,1,3,55.0,49.9,3044.0,0.0,3044.0,95592.08333
4,4,4,397,3220,3189,19085,10916,0.432909605,0.214300955,0.306794685,5,5374.0,99.52,50769.92,940.18,54,2351.45,42.7,0.0,53236.05,21.59,2.29,1,3,55.0,99.09,5351.0,0.0,5374.0,104730.3333
5,5,5,399,3220,3188,19767,10767,0.178125,0.224518268,0.304080591,4,2472.12,44.95,45146.39,820.84,55,2395.89,42.73,111.07,48556.8,18.84,1.03,1,3,55.0,38.21,2101.42,0.0,2472.12,48715.08333
6,6,6,401,3220,3189,18478,10766,0.8270481140000001,0.206200965,0.307233174,4,3940.64,80.42,49311.03,1006.35,49,2205.69,42.36,256.58,51489.1,22.36,1.79,1,3,100.0,8.58,420.3,0.0,3940.64,95971.75
7,7,7,449,2985,2965,15817,9949,1.166666667,0.720066146,0.407269085,6,2779.73,120.86,3834.6,166.72,23,1755.84,78.1,966.53,3941.97,2.18,1.58,0,1,60.0,15.67,360.35,360.35,2419.38,110092.25
8,8,8,451,3132,3114,17936,10039,0.299915278,0.778961363,0.422189042,5,4340.0,108.5,28424.23,710.61,40,2235.3,56.75,0.0,30370.1,12.72,1.94,1,3,55.0,108.5,4340.0,0.0,4340.0,52675.91667
9,9,9,467,3132,3114,17992,9880,0.362865948,0.7834668290000001,0.42613922,5,3945.0,75.87,32727.19,629.37,52,2290.1,43.76,269.03,34745.2,14.29,1.72,1,2,100.0,0.19,10.0,0.0,3945.0,43894.08333
10,10,10,469,3132,3114,18448,10156,0.356667554,0.781718806,0.425330284,5,4493.0,78.82,34121.6,598.62,57,2393.3,42.48,0.0,36144.5,14.26,1.88,1,2,100.0,0.09,5.0,0.0,4493.0,18378.66667
11,11,11,475,3143,3114,17969,10010,0.417870906,0.786765913,0.429775653,5,4340.0,108.5,28258.22,706.46,40,2240.3,52.6,0.0,30145.1,12.61,1.94,1,2,100.0,0.08,3.0,0.0,4340.0,58240.08333
12,12,12,485,2853,2826,17178,9645,0.616921879,0.850092735,0.435918275,9,3831.0,34.51,31291.2,281.9,111,2076.74,18.53,0.0,31291.2,15.07,1.84,1,4,55.0,34.51,3831.0,0.0,3831.0,40747.83333
13,13,13,490,2853,2826,17034,9436,0.634314191,0.8546597509999999,0.439233401,9,4011.8,34.58,30094.9,259.44,116,2144.5,18.79,0.0,30094.9,14.03,1.87,1,4,55.0,34.58,4011.8,0.0,4011.8,29281.75
14,14,14,492,2853,2826,17329,9584,0.55993398,0.862583298,0.439539587,9,4217.5,34.57,31518.9,258.35,122,2258.7,18.8,0.0,31518.9,13.95,1.87,1,4,55.0,34.57,4217.5,0.0,4217.5,41352.58333
15,15,15,498,3143,3114,18766,9936,2.817683881,0.8182385190000001,0.450645448,7,4606.02,79.41,29364.22,506.28,58,2525.1,43.29,18.9,31758.2,11.63,1.82,1,2,100.0,0.12,7.02,0.0,4606.02,41404.08333
16,16,16,500,3143,3114,19157,9773,3.05204461,0.8191987,0.456432743,5,4832.0,79.21,38693.81,634.32,61,2601.0,43.1,0.0,41193.9,14.88,1.86,1,3,55.0,79.21,4832.0,0.0,4832.0,57193.58333
17,17,17,502,2846,2826,17684,9544,171.8,0.869255326,0.44774235,9,4053.1,77.94,38292.0,736.38,52,2251.26,44.08,0.0,40089.9,17.01,1.8,1,4,55.0,77.94,4053.1,0.0,4053.1,41967.66667
18,18,18,504,2846,2826,17618,9536,5.311111111000001,0.878742245,0.45475061,9,4319.5,78.54,40194.65,730.81,55,2251.26,40.88,0.0,42285.7,17.85,1.92,1,2,55.0,78.54,4319.5,0.0,4319.5,58749.5
19,19,19,510,2853,2827,18271,9570,3.276610644,0.8871910190000001,0.461694608,9,5709.8,98.44,47824.1,824.55,58,2340.78,41.02,0.0,50631.4,20.43,2.44,1,4,55.0,98.44,5709.8,0.0,5709.8,42841.66667
20,20,20,512,2848,2827,17854,9427,2.83030647,0.891470801,0.465145816,9,5510.6,95.01,48873.2,842.64,58,2331.4,40.85,0.0,50809.8,20.96,2.36,1,4,55.0,95.01,5510.6,0.0,5510.6,68032.25
21,21,21,514,2848,2827,17415,9585,2.493307839,0.895647999,0.467712487,9,4234.6,79.9,39875.2,752.36,53,2185.0,41.96,339.0,43335.1,18.25,1.94,1,4,55.0,79.9,4234.6,0.0,4234.6,41826.41667
22,22,22,531,2830,2813,19944,9623,11.03695652,0.610818862,0.5942467260000001,6,6805.87,243.07,9823.5,350.84,28,2865.0,104.89,0.0,9823.5,3.43,2.38,1,2,55.0,243.07,6805.87,0.0,6805.87,73146.08333
23,23,23,629,3181,3152,19423,10672,1.004823927,0.293023504,0.444378083,9,2899.4,49.99,31503.91,543.17,58,2452.5,42.97,0.0,33439.31,12.85,1.18,1,4,55.0,49.99,2899.4,0.0,2899.4,59904.25
24,24,24,634,3181,3152,18865,10518,1.022514868,0.296630338,0.448040976,9,2704.8,49.18,33739.7,613.45,55,2315.7,42.83,0.0,35865.54,14.57,1.17,1,4,55.0,49.18,2704.8,0.0,2704.8,39331.41667
25,25,25,639,2943,2927,17444,10213,0.214437367,0.465113416,0.429424106,6,1459.84,76.83,2574.0,135.47,19,2098.63,113.1,981.73,2661.4,1.23,0.7,0,5,55.0,66.83,1269.75,190.09,1269.75,57667.66667000001
26,26,26,656,3077,3057,15741,10103,1.336675665,0.568735023,0.5162826739999999,5,3989.76,107.83,23675.76,639.89,37,1545.3,42.5,0.0,24766.36,15.32,2.58,1,3,55.0,107.83,3989.76,0.0,3989.76,80265.83333
27,27,27,700,3111,3089,19528,10683,8.911392405,0.203804615,0.500606702,5,5997.0,99.95,62119.35,1035.32,60,2541.65,43.03,0.0,64989.8,24.44,2.36,1,2,55.0,99.95,5997.0,0.0,5997.0,75849.41667
28,28,28,702,3111,3089,19124,10510,3.760683761,0.207788957,0.5045568810000001,5,5403.0,186.31,57739.58,1991.02,29,2411.05,85.09,0.0,58708.2,23.95,2.24,1,3,55.0,186.31,5403.0,0.0,5403.0,58680.33333
29,29,29,737,3030,2997,21211,10336,7.664037855,0.215741227,0.722943167,9,5966.0,79.55,51136.8,681.82,75,3146.7,42.38,0.0,55201.2,16.25,1.9,1,4,55.0,79.55,5966.0,0.0,5966.0,48548.83333
30,30,30,739,3030,2997,20932,10207,4.0744147160000015,0.222774349,0.7229469470000001,9,5530.3,131.67,49140.8,1170.02,42,3024.9,71.35,0.0,51152.4,16.25,1.83,1,4,55.0,128.47,5395.8,0.0,5530.3,42013.58333
31,31,31,741,3028,2997,21778,10210,186.8461538,0.20749762,0.72313217,9,6310.5,131.47,60354.9,1257.39,48,3338.4,70.42,148.8,62719.9,18.08,1.89,1,4,55.0,128.07,6147.5,0.0,6310.5,55952.25
32,32,32,755,3108,3084,19226,10941,0.118366034,0.036408922,0.370281049,9,5090.0,89.3,39231.6,688.27,57,2418.3,42.98,0.0,41961.2,16.22,2.1,1,6,55.0,88.59,5049.5,0.0,5090.0,91298.08333
33,33,33,757,3109,3084,18852,10807,0.140732265,0.030323671,0.370424691,9,4648.5,83.01,46811.8,835.93,56,2345.3,42.37,0.0,49394.2,19.96,1.98,1,6,55.0,0.24,13.5,0.0,4648.5,57440.75
34,34,34,759,3114,3084,19278,11141,0.153298351,0.030922759,0.37087452,9,5270.0,89.32,37667.5,638.43,59,2467.3,42.28,0.0,40128.1,15.27,2.14,1,6,55.0,1.47,87.0,0.0,5270.0,67469.83333
35,35,35,761,3109,3084,18940,10959,0.162294353,0.025645865,0.370496513,9,4680.0,146.25,28125.2,878.91,32,2394.8,73.94,142.79,29764.1,11.74,1.95,1,6,55.0,143.59,4595.0,0.0,4680.0,78646.33333
36,36,36,786,2704,2683,18780,10329,2.006014435,0.165602534,0.481037253,9,5878.0,99.63,49632.11,841.22,59,2423.4,41.72,0.0,51326.8,20.48,2.43,1,4,55.0,99.63,5878.0,0.0,5878.0,227762.8333
37,37,37,790,3108,3089,18504,10582,1.213072568,0.182902209,0.477272298,9,4174.0,77.3,35300.4,653.71,54,2302.68,48.67,419.6,43626.4,15.33,1.81,1,4,55.0,77.19,4168.0,0.0,4174.0,46148.58333
38,38,38,792,3108,3089,19052,10883,1.367055085,0.181687621,0.482473681,9,5090.1,89.3,36190.7,634.92,57,2435.8,43.24,0.0,38723.6,14.86,2.09,1,4,55.0,89.3,5090.1,0.0,5090.1,20238.25
39,39,39,804,3111,3089,19636,10880,23.5625,0.199922857,0.49749948,5,5738.77,98.94,54583.98,941.1,58,2480.74,42.72,0.0,56862.38,22.0,2.31,1,7,55.0,0.17,10.0,0.0,5738.77,52531.16667
40,40,40,806,3111,3089,19262,10679,2.226315789,0.195663592,0.494312877,5,5847.4,99.11,48569.13,823.21,59,2490.64,42.89,0.0,50933.5,19.5,2.35,1,7,55.0,0.03,1.9,0.0,5847.4,101197.0833
41,41,41,808,3108,3089,18465,10461,0.002088773,0.182397499,0.485066813,9,4654.0,87.81,38956.5,735.03,53,2254.2,43.06,0.0,41278.0,17.28,2.06,1,4,55.0,87.54,4639.5,0.0,4654.0,36955.33333
42,42,42,811,2703,2683,17605,10419,0.107080164,0.0,0.556101986,1,1808.64,62.37,6552.5,225.95,29,2078.1,74.21,2673.54,6515.47,3.15,0.87,0,8,40.0,31.37,909.87,909.87,898.77,102182.4167
43,43,43,833,3029,2997,19049,10201,0.242950108,0.203316318,0.6814833020000001,9,4746.0,131.83,42077.5,1168.82,36,2541.1,71.81,0.0,43662.7,16.56,1.87,1,6,55.0,128.31,4619.0,0.0,4746.0,38214.91667
44,44,44,835,3029,2997,19997,10398,0.300526436,0.194592621,0.6826097640000001,9,5434.0,79.91,47908.1,704.53,68,2810.57,41.79,0.0,51584.7,17.05,1.93,1,6,55.0,79.91,5434.0,0.0,5434.0,80561.83333
45,45,45,841,3029,2997,22178,10209,1.178388902,0.192434265,0.723351415,9,6040.0,128.51,59962.6,1275.8,47,3397.0,71.66,0.0,62321.3,17.65,1.78,1,6,55.0,124.79,5865.0,0.0,6040.0,48133.58333
46,46,46,843,3029,2997,21732,10360,0.955542022,0.202626957,0.7215596590000001,9,6389.0,79.86,55902.8,698.79,80,3359.99,42.39,0.0,60371.3,16.64,1.9,1,6,55.0,79.86,6389.0,0.0,6389.0,41390.83333
47,47,47,858,2683,2659,18438,9606,0.113794144,0.517742836,0.787049462,9,4492.0,51.63,25445.9,292.48,87,2474.7,28.75,2270.55,25688.3,10.28,1.82,1,4,55.0,51.63,4492.0,0.0,4492.0,72292.33333
48,48,48,1,2908,2888,20325,10015,0.834537847,0.824660244,0.006074581,5,5821.72,145.54,40553.7,1013.84,40,2947.7,75.56,2295.07,41017.91,13.76,1.98,1,2,55.0,145.54,5821.72,0.0,5821.72,99180.33333
49,49,49,3,2910,2889,20456,10213,0.847738015,0.828923612,0.009650532,5,6091.64,152.29,38424.1,960.6,40,2963.42,75.96,1916.81,38975.0,12.97,2.06,1,2,55.0,152.29,6091.64,0.0,6091.64,102906.3333
50,50,50,5,2911,2888,20453,10221,0.91373494,0.844093655,0.024075299,5,6322.7,158.07,42203.0,1055.08,40,2944.35,75.47,3739.82,42618.61,14.33,2.15,1,2,55.0,158.07,6322.7,0.0,6322.7,85081.0
51,51,51,7,2910,2886,20092,9987,0.8794562709999999,0.8408848440000001,0.019973917,5,6304.66,157.62,41147.9,1028.7,40,2891.47,74.11,4151.99,41914.48,14.23,2.18,1,2,55.0,157.62,6304.66,0.0,6304.66,74719.91667
52,52,52,9,2916,2888,20577,10235,0.8981217990000001,0.835989561,0.016915837,5,6366.74,159.17,39643.3,991.08,40,3036.62,77.84,0.0,39985.1,13.06,2.1,1,2,55.0,159.17,6366.74,0.0,6366.74,95972.0
53,53,53,11,2916,2887,20194,10001,0.935155753,0.8313281690000001,0.014526829,5,6232.25,155.81,42260.7,1056.52,40,2949.85,75.61,263.73,43128.83,14.33,2.11,1,2,55.0,155.81,6232.25,0.0,6232.25,101547.0
54,54,54,19,3162,3137,15968,10516,1.5317258880000002,0.601799724,0.060224158,10,5445.42,155.58,55886.3,1596.75,35,1512.9,43.31,2129.12,57165.81,36.94,3.6,1,3,55.0,155.58,5445.42,0.0,5445.42,108271.25
55,55,55,21,2964,2932,15778,10427,25.16296296,0.594253685,0.085588463,2,1220.0,61.0,3987.0,199.35,20,1378.26,72.5,2372.59,3994.5,2.89,0.89,0,9,40.0,30.0,600.0,600.0,620.0,42035.08333
56,56,56,22,2964,2933,14977,10390,36.0,0.594577849,0.100810826,2,1037.0,61.0,3239.4,190.55,17,1174.13,73.38,2592.76,3246.9,2.76,0.88,0,9,40.0,30.0,510.0,510.0,527.0,58650.91667000001
57,57,57,23,2957,2938,15328,10430,104.2564103,0.593248367,0.093348958,8,2657.5,126.55,3144.95,149.76,21,1436.3,69.9,462.0,3143.86,2.19,1.85,0,1,60.0,30.04,630.8,630.8,2026.7,91517.66667
58,58,58,25,3260,3229,19783,10540,0.12659932699999998,0.714444572,0.050490465,5,7184.58,189.07,53892.8,1418.23,38,2644.08,65.51,1771.87,53882.8,20.38,2.72,1,2,55.0,189.07,7184.58,0.0,7184.58,110565.1667
59,59,59,27,3261,3229,19275,10686,0.165561157,0.705889111,0.051382563,5,2340.78,146.3,15628.95,976.81,16,2521.85,65.77,1435.41,15628.9,6.2,0.93,1,2,55.0,146.3,2340.78,0.0,2340.78,62855.41667000001
60,60,60,29,3260,3229,19386,10537,0.078947368,0.70190477,0.047424824,5,6209.74,159.22,43579.7,1117.43,39,2515.3,63.74,2342.57,44624.68,17.33,2.47,1,2,55.0,159.22,6209.74,0.0,6209.74,93870.16667
61,61,61,31,3260,3229,19029,10564,0.344636383,0.7176615890000001,0.062586705,5,3004.8,158.15,19176.5,1009.29,19,2346.83,59.41,2362.64,19192.35,8.17,1.28,1,2,55.0,158.15,3004.8,0.0,3004.8,58590.83333
62,62,62,33,2964,2930,15551,10288,0.752615265,0.7242228279999999,0.08858228300000001,0,1220.0,61.0,4033.4,201.67,20,1394.73,73.4,1856.57,4040.6,2.89,0.87,0,9,40.0,30.0,600.0,600.0,620.0,58294.16667000001
63,63,63,34,2964,2931,15367,10277,1.00290754,0.724551095,0.103426638,2,1159.0,61.0,4068.5,214.13,19,1351.05,75.05,2096.29,4049.3,3.01,0.86,0,9,40.0,30.0,570.0,570.0,589.0,58587.33333
64,64,64,62,3048,3017,20384,10219,2.717105263,0.8671010729999999,0.117197452,5,6379.87,159.5,40233.1,1005.83,40,2919.16,73.9,2562.28,40852.0,13.78,2.19,1,2,55.0,159.5,6379.87,0.0,6379.87,78289.33333
65,65,65,64,3049,3017,20472,10204,1.491033305,0.876202278,0.122867565,5,6238.84,155.97,39283.4,982.09,40,2949.56,77.01,2235.39,40887.59,13.32,2.12,1,2,55.0,155.97,6238.84,0.0,6238.84,89809.33333
66,66,66,79,3278,3245,16010,10589,0.147577799,0.6992211859999999,0.111602941,1,1342.0,61.0,4069.5,184.98,22,1549.1,73.76,0.0,4069.5,2.63,0.87,0,8,40.0,30.0,660.0,660.0,682.0,62706.16667000001
67,67,67,81,3278,3245,15650,10592,0.185350061,0.6911335059999999,0.111769264,1,1280.9,61.0,3960.4,188.59,21,1454.02,72.7,0.0,3960.4,2.72,0.88,0,8,40.0,29.98,629.5,629.5,651.4,79126.58333
68,68,68,83,3277,3244,15354,10604,0.24959128100000005,0.683201753,0.111931807,1,1228.3,61.41,3939.3,196.97,20,1358.8,71.51,0.0,3988.5,2.9,0.9,0,8,40.0,30.22,604.4,604.4,623.9,62543.16667000001
69,69,69,85,3277,3244,15738,10611,0.39638865,0.674794012,0.112105691,1,1281.2,61.01,4051.5,192.93,21,1465.98,73.29,195.32,4102.1,2.76,0.87,0,8,40.0,30.0,630.1,630.1,651.1,77379.16667
70,70,70,87,3277,3244,15984,10624,0.952182952,0.666254965,0.112279574,1,1319.0,62.81,4419.5,210.45,21,1539.5,76.9,1982.35,4475.8,2.87,0.86,0,8,40.0,30.33,637.0,637.0,682.0,110362.4167
71,71,71,92,3073,3072,19895,10405,2.009082218,0.6204576039999999,0.15627587,6,4076.5,119.9,7254.2,213.36,34,2630.97,79.63,1044.03,8771.15,2.76,1.55,1,2,55.0,105.02,3570.54,0.0,4076.5,57166.16667000001
72,72,72,94,3079,3054,20682,10420,1.43876567,0.633276434,0.159163847,6,4449.74,158.92,7014.6,250.52,28,2912.69,106.25,536.48,7014.6,2.41,1.53,1,2,55.0,158.92,4449.74,0.0,4449.74,119797.3333
73,73,73,96,3078,3054,20587,10409,0.109461967,0.635110626,0.17204256399999998,6,5886.04,210.22,8370.3,298.94,28,2888.7,106.95,487.44,8370.3,2.9,2.04,1,2,55.0,210.22,5886.04,0.0,5886.04,113469.25
74,74,74,98,3185,3157,18668,10526,0.252761704,0.642381742,0.17887694,6,6414.68,160.37,18097.0,452.43,40,2283.38,58.03,2840.3,18097.0,7.93,2.81,1,2,55.0,160.37,6414.68,0.0,6414.68,98373.66667
75,75,75,100,3185,3157,17339,10532,0.576564581,0.642135541,0.192768716,6,6350.14,158.75,12729.0,318.23,40,1916.82,48.58,2001.33,12735.0,6.64,3.31,1,2,55.0,158.75,6350.14,0.0,6350.14,195115.5833
76,76,76,102,3183,3157,16634,10487,0.8664021159999999,0.6427674560000001,0.20554537,5,5932.7,160.34,37381.94,1010.32,37,1714.09,46.83,2154.59,37381.89,21.81,3.46,1,2,55.0,160.34,5932.7,0.0,5932.7,176148.0833
77,77,77,104,3183,3157,16752,10476,1.15009136,0.643723533,0.218567729,5,6427.41,160.69,39970.67,999.27,40,1854.33,46.84,2458.77,41013.48,21.56,3.47,1,2,55.0,160.69,6427.41,0.0,6427.41,201943.3333
78,78,78,108,3178,3157,15912,10460,1.235252478,0.649037357,0.228010357,11,5285.7,160.17,33498.48,1015.11,33,1546.28,47.41,2399.33,35565.19,21.66,3.42,1,2,55.0,160.17,5285.7,0.0,5285.7,182083.25
79,79,79,110,3183,3157,19554,10349,3.063535912,0.666390375,0.180188626,5,6409.8,160.25,49945.4,1248.64,40,2630.85,66.62,3526.95,51364.44,18.98,2.44,1,2,55.0,160.25,6409.8,0.0,6409.8,68745.25
80,80,80,112,3183,3157,20161,10325,2.05524239,0.67313216,0.188255306,5,6405.69,160.14,48820.02,1220.5,40,2856.65,72.45,3176.81,49659.48,17.09,2.24,1,2,55.0,160.14,6405.69,0.0,6405.69,71506.33333
81,81,81,116,3178,3157,18701,10314,6.195856874,0.669102682,0.205254305,5,6321.27,158.03,48421.77,1210.54,40,2441.29,61.84,2018.94,49091.86,19.83,2.59,1,2,55.0,157.94,6317.67,0.0,6321.27,61831.0
82,82,82,122,3178,3157,16716,10438,10.3100616,0.669053442,0.225197981,5,6400.0,160.0,40511.93,1012.8,40,1806.29,45.68,2859.27,40521.71,22.43,3.54,1,2,55.0,160.0,6400.0,0.0,6400.0,225078.9167
83,83,83,124,3178,3157,17303,10315,5.893499307999999,0.6717903690000001,0.216390406,5,4160.0,104.0,42320.82,1058.02,40,1979.0,78.66,4503.2,42791.56,21.38,2.1,1,2,55.0,104.0,4160.0,0.0,4160.0,73793.5
84,84,84,126,3276,3243,14337,10280,1.929795918,0.6934888229999999,0.221327184,1,905.5,60.37,2885.1,192.34,15,1027.2,73.36,74.9,2960.0,2.81,0.88,0,8,40.0,29.37,440.5,440.5,465.0,12952.83333
85,85,85,130,3035,3015,18652,10030,1.987107172,0.693968913,0.223674611,6,6106.15,160.69,19971.4,525.56,38,2368.2,63.83,3014.53,19971.4,8.43,2.58,1,2,55.0,160.69,6106.15,0.0,6106.15,120167.5833
86,86,86,132,3178,3157,19344,10295,1.985541045,0.689529101,0.215982158,5,6403.75,160.09,57396.15,1434.9,40,2605.3,65.85,3832.38,59710.31,22.03,2.46,1,2,55.0,160.09,6403.75,0.0,6403.75,109641.75
87,87,87,134,3277,3244,14806,10450,1.5022264630000002,0.7021796929999999,0.221066359,1,793.0,61.0,2413.3,185.64,13,1075.6,89.51,1676.27,2443.4,2.24,0.74,0,8,40.0,30.0,390.0,390.0,403.0,49195.41667
88,88,88,136,3035,3015,18204,10103,1.280438105,0.712023602,0.224400386,6,6365.55,159.14,17354.8,433.87,40,2302.02,58.85,1012.43,18577.4,7.54,2.77,1,2,55.0,159.14,6365.55,0.0,6365.55,90746.58333
89,89,89,138,3035,3015,18520,10185,1.5344558780000002,0.703008568,0.223364645,6,6406.64,160.17,14737.1,368.43,40,2440.81,62.27,2233.4,15469.0,6.04,2.62,1,2,55.0,160.17,6406.64,0.0,6406.64,184715.4167
90,90,90,148,3039,3016,14715,10206,6.887189293,0.736093786,0.207499669,2,976.0,61.0,2942.81,183.93,16,1162.0,77.4,0.0,2944.41,2.53,0.84,0,8,40.0,30.0,480.0,480.0,496.0,25616.08333
91,91,91,151,3039,3016,14551,10189,9.075289575,0.7363153659999999,0.220159141,2,978.9,61.18,1834.69,114.67,16,1086.01,72.39,1212.06,1837.19,1.69,0.9,0,8,40.0,30.11,481.82,481.82,497.08,13569.33333
92,92,92,152,3046,3015,14993,10240,8.522727273,0.735732692,0.21356669,1,2021.5,101.08,6070.1,303.51,20,1414.79,74.46,1524.11,6141.2,4.29,1.43,0,8,40.0,25.04,500.8,500.8,1520.7,31562.5
93,93,93,155,3096,3070,15361,10136,0.011105746,0.848718117,0.226241282,12,2752.9,125.13,3467.52,157.61,22,1528.75,72.79,1051.85,3467.5,2.27,1.8,0,1,60.0,13.89,305.6,305.6,2447.3,41391.41667
94,94,94,157,3096,3070,16027,10150,0.009403719,0.8554434890000001,0.22610898,12,3009.9,125.41,3990.75,166.28,24,1728.4,75.14,1098.38,3990.8,2.31,1.74,0,1,60.0,14.43,346.2,346.2,2663.7,51822.5
95,95,95,159,3096,3069,14931,10153,0.017125588,0.8341758859999999,0.22661173,12,2503.5,125.18,3050.82,152.54,20,1401.56,73.76,974.04,3154.36,2.18,1.79,0,1,60.0,13.72,274.3,274.3,2229.2,34383.5
96,96,96,161,3096,3070,15157,10150,0.014565826,0.841565998,0.226464307,12,2640.61,125.74,3402.31,162.01,21,1478.45,73.92,1442.97,3390.76,2.3,1.79,0,1,60.0,13.4,281.3,281.3,2359.31,43595.33333
97,97,97,163,3096,3069,15597,10188,0.024193548,0.820216328,0.226804513,12,2757.7,125.35,3317.17,150.78,22,1568.87,74.7,1257.8,3314.52,2.11,1.76,0,1,60.0,14.2,312.4,312.4,2445.3,24816.75
98,98,98,165,3096,3069,15098,10163,0.01784973,0.82707711,0.226668431,12,2505.1,125.26,2982.33,149.12,20,1407.16,74.06,2100.26,2964.69,2.12,1.78,0,1,60.0,12.75,254.9,254.9,2250.2,37586.83333
99,99,99,167,3038,3017,15978,10120,3.768548387,0.81370433,0.280243437,2,1097.58,60.98,2357.32,130.96,18,1231.63,72.44,1905.65,2349.27,1.91,0.89,0,8,40.0,29.97,539.47,539.47,558.11,18377.41667
100,100,100,168,3050,3017,14324,10075,7.927374302,0.804820602,0.27566576600000003,1,1714.0,100.82,5166.8,303.93,17,1138.6,71.16,2599.62,5097.2,4.54,1.51,0,8,40.0,25.09,426.6,426.6,1287.4,28811.16667
101,101,101,170,3123,3100,15495,10277,0.024408015,0.764357581,0.228176681,4,2750.0,125.0,3458.6,157.21,22,1499.13,71.38,152.0,3445.0,2.31,1.83,0,1,60.0,12.5,275.0,275.0,2475.0,38735.75
102,102,102,172,3123,3100,15840,10267,0.017179023999999998,0.7715097,0.227949876,4,2776.58,126.21,3535.4,160.7,22,1559.65,74.26,217.72,3500.8,2.27,1.78,0,1,60.0,12.5,275.1,275.1,2501.48,52996.16667
103,103,103,174,3123,3104,14970,10279,0.039497307,0.7509314579999999,0.228448846,4,2375.0,125.0,2963.0,155.95,19,1331.48,73.97,0.0,2963.0,2.23,1.78,0,1,55.0,12.5,237.5,237.5,2137.5,49976.41667
104,104,104,176,3123,3101,15102,10271,0.028767123,0.7574188359999999,0.228274963,4,2500.0,125.0,3100.5,155.03,20,1384.52,72.86,220.53,3097.2,2.24,1.81,0,1,60.0,12.5,250.0,250.0,2250.0,50026.75
105,105,105,178,3123,3108,15167,10274,0.096825397,0.737903358,0.22866809,4,2625.9,125.04,3172.7,151.08,21,1463.14,73.15,0.0,3172.7,2.17,1.79,0,1,60.0,12.52,262.9,262.9,2363.0,56943.16667000001
106,106,106,180,3123,3105,14921,10291,0.057745188,0.743672652,0.228550908,4,2500.2,125.01,3038.6,151.93,20,1361.2,71.64,0.0,3020.5,2.23,1.84,0,1,60.0,12.5,250.0,250.0,2250.2,52582.66667
107,107,107,182,3038,3017,15906,10071,1.197895277,0.779999508,0.280878489,2,1200.5,52.2,3730.6,162.2,23,1558.5,70.84,1928.33,3732.04,2.39,0.77,0,8,40.0,25.65,590.0,590.0,610.5,24038.66667
108,108,108,183,3042,3016,15568,10059,1.004456501,0.795982011,0.28648812100000004,0,943.73,58.98,3251.2,203.2,16,1445.4,96.35,0.0,3251.2,2.25,0.65,0,10,40.0,27.87,445.89,445.89,497.84,9089.666667
109,109,109,184,3047,3015,14304,10095,0.920596622,0.788165151,0.275283978,1,1708.1,100.48,5282.3,310.72,17,1164.8,72.79,2038.07,5255.0,4.53,1.47,0,8,40.0,24.44,415.5,415.5,1292.6,17657.91667
110,110,110,186,3041,3004,19488,10162,0.103239338,0.716816302,0.233430985,6,4483.51,160.13,8253.3,294.76,28,2636.75,96.54,0.0,8253.3,3.13,1.7,1,2,55.0,160.13,4483.51,0.0,4483.51,103358.0833
111,111,111,198,3041,3015,18868,9985,0.446575908,0.724255654,0.253098717,6,4422.78,157.96,8040.6,287.16,28,2520.68,92.17,0.0,7988.2,3.19,1.75,1,2,55.0,157.96,4422.78,0.0,4422.78,101601.75
112,112,112,200,3041,3015,18077,9978,0.769070879,0.7242310340000001,0.270812149,6,6402.24,160.06,14776.1,369.4,40,2219.91,56.26,146.05,15065.83,6.66,2.88,1,2,55.0,160.06,6402.24,0.0,6402.24,87045.33333
113,113,113,202,3041,3015,18258,10143,0.607216495,0.724526475,0.26209907600000004,6,6458.27,161.46,11452.6,286.32,40,2186.45,55.4,0.0,11696.9,5.24,2.95,1,2,55.0,161.46,6458.27,0.0,6458.27,96957.0
114,114,114,204,3095,3067,19747,10057,1.064688916,0.725195319,0.287709085,11,6840.2,171.01,46146.4,1153.66,40,2732.16,69.12,1182.29,42456.7,16.89,2.5,1,2,55.0,171.01,6840.2,0.0,6840.2,131044.75
115,115,115,206,3095,3067,20249,10243,0.897552883,0.724563405,0.278001852,11,6720.0,168.0,45793.9,1144.85,40,2903.86,73.48,1590.15,46706.8,15.77,2.31,1,2,55.0,168.0,6720.0,0.0,6720.0,160394.1667
116,116,116,208,2944,2926,17792,10169,2.071125265,0.609936644,0.313398477,6,3105.96,115.04,4412.0,163.41,27,2163.33,81.74,1447.39,4456.9,2.04,1.44,1,2,0.0,115.04,3105.96,0.0,3105.96,203317.0833
117,117,117,210,2948,2930,17454,10203,69.78260870000001,0.5983570229999999,0.309644862,6,3214.97,169.21,4995.0,262.89,19,2099.39,113.04,404.0,4995.0,2.38,1.53,0,1,60.0,10.26,195.0,195.0,2026.0,120830.0
118,118,118,211,3095,3067,18947,10227,0.163505155,0.725379969,0.297718725,11,6788.0,169.7,45684.1,1142.1,40,2533.96,64.01,2061.39,45684.09,18.03,2.68,1,2,55.0,169.7,6788.0,0.0,6788.0,126861.75
119,119,119,213,3095,3067,18435,10026,0.17394905800000002,0.725129665,0.298270616,11,6521.0,163.03,39598.9,989.97,40,2429.88,61.36,2452.9,39598.9,16.3,2.68,1,2,55.0,163.03,6521.0,0.0,6521.0,121539.25
120,120,120,215,3095,3067,17785,10061,0.342105263,0.72581082,0.307766165,11,6843.7,171.09,45690.8,1142.27,40,2238.5,56.42,2538.9,45805.4,20.41,3.06,1,2,55.0,171.09,6843.7,0.0,6843.7,116563.0833
121,121,121,219,3094,3067,15932,10097,0.962848297,0.7264016999999999,0.342342513,11,5469.31,165.74,40086.01,1214.73,33,1635.21,50.45,0.0,40086.0,24.51,3.34,1,2,55.0,165.74,5469.31,0.0,5469.31,97415.16667
122,122,122,221,3094,3067,15656,10127,0.834296327,0.72622936,0.33519061,11,5256.9,169.58,30376.8,979.9,31,1428.73,47.26,2580.57,30376.8,21.26,3.68,1,2,55.0,169.58,5256.9,0.0,5256.9,115812.0833
123,123,123,223,3146,3128,15994,10156,1.209469892,0.781333093,0.341650759,2,1044.84,61.46,2919.29,171.72,17,1494.9,93.34,2075.62,2920.84,1.95,0.7,0,9,40.0,30.28,514.79,514.79,530.05,43317.25
124,124,124,224,3149,3129,14921,10050,0.908349515,0.7971104290000001,0.34107996700000004,3,1161.6,61.14,3967.86,208.83,19,1287.34,71.49,2872.39,4046.4,3.08,0.9,0,8,40.0,30.0,570.0,570.0,589.0,34950.91667
125,125,125,226,3115,3101,14764,10093,0.139413519,0.848828907,0.292634523,5,5945.53,156.46,48596.97,1278.87,38,1175.32,30.5,1408.6,51818.81,41.35,5.06,1,2,55.0,156.46,5945.53,0.0,5945.53,40274.33333
126,126,126,228,3115,3101,14436,9896,0.150654483,0.8491325540000001,0.293175074,5,5926.35,160.17,49739.48,1344.31,37,1172.08,30.42,1278.86,58327.06,42.44,5.06,1,2,55.0,160.17,5926.35,0.0,5926.35,34269.91667
127,127,127,230,3121,3098,14157,9920,0.188394876,0.831668746,0.292256516,13,5651.15,156.98,46438.28,1289.95,36,1155.0,31.89,2201.93,46854.02,40.21,4.89,1,2,55.0,156.98,5651.15,0.0,5651.15,76344.08333
128,128,128,232,3120,3101,14560,10038,0.173514632,0.84080688,0.293084352,13,5866.3,150.42,51504.4,1320.63,39,1227.0,32.12,1061.85,52362.7,41.98,4.78,1,2,55.0,150.42,5866.3,0.0,5866.3,61437.5
129,129,129,234,3121,3098,14534,10132,0.188850967,0.8314553720000001,0.292218715,13,5631.74,152.21,42166.77,1139.64,37,1094.6,30.13,84.2,42166.8,38.52,5.15,1,2,55.0,147.88,5471.74,0.0,5631.74,22975.41667
130,130,130,236,3121,3100,14255,10045,0.29063786,0.822809638,0.293190194,13,5283.42,150.95,45763.62,1307.53,35,1056.0,29.31,1949.78,46064.9,43.34,5.0,1,2,55.0,150.95,5283.42,0.0,5283.42,51509.08333
131,131,131,239,3144,3124,15961,10078,3.857733664,0.8147465779999999,0.34055831700000005,3,1098.0,61.0,2664.8,148.04,18,1316.79,77.45,2746.3,2746.3,2.02,0.83,0,8,40.0,20.0,360.0,360.0,738.0,16123.83333
132,132,132,240,2867,2839,16732,9787,2.687037037,0.872427207,0.302390898,6,3225.0,115.18,5784.8,206.6,28,2054.1,73.27,1388.58,6922.2,2.82,1.57,1,2,55.0,99.82,2795.0,0.0,3225.0,11202.41667
133,133,133,264,3079,3051,18028,10779,0.93986637,0.496282375,0.021644711,13,6281.4,157.04,44653.91,1116.35,40,2064.7,52.92,5322.05,46015.8,21.63,3.04,1,2,55.0,157.04,6281.4,0.0,6281.4,302262.0
134,134,134,284,3308,3282,18340,11124,1.326565144,0.35423710700000005,0.08798503099999999,5,4321.87,160.07,27880.86,1032.62,27,2062.7,71.09,3298.09,27988.87,13.52,2.1,1,2,55.0,160.07,4321.87,0.0,4321.87,113951.5833
135,135,135,286,3308,3282,18258,11119,1.904242424,0.345320553,0.088226956,5,5122.92,176.65,31784.19,1096.01,29,2146.97,76.59,3202.45,32288.0,14.8,2.39,1,2,55.0,176.65,5122.92,0.0,5122.92,95471.75
136,136,136,288,3303,3282,18376,11134,3.177664975,0.336990776,0.08828365699999999,5,6403.26,160.08,44500.12,1112.5,40,2149.36,54.92,3906.49,44500.05,20.7,2.98,1,2,55.0,160.08,6403.26,0.0,6403.26,89112.75
137,137,137,290,3303,3282,18419,11137,7.692874692999999,0.329777107,0.088487781,5,4964.91,160.16,30893.34,996.56,31,2104.97,68.88,4793.0,31305.04,14.68,2.36,1,2,55.0,160.16,4964.91,0.0,4964.91,91581.5
138,138,138,294,3162,3137,17897,10654,0.230580289,0.565583659,0.055854392,10,6237.64,155.94,49327.2,1233.18,40,2069.93,53.57,146.85,146.85,23.83,3.01,1,3,55.0,155.94,6237.64,0.0,6237.64,176133.0833
139,139,139,296,3346,3318,20932,10863,0.958167331,0.556720448,0.075144115,5,6326.9,162.23,37712.53,966.99,39,2911.84,75.45,278.47,40892.3,12.95,2.17,1,2,55.0,162.23,6326.9,0.0,6326.9,283778.5833
140,140,140,300,3160,3137,17306,10630,0.7275329140000001,0.569079703,0.076440681,5,6080.99,160.03,44173.6,1162.46,38,1883.11,49.92,236.28,44694.8,23.46,3.23,1,3,55.0,160.03,6080.99,0.0,6080.99,156489.8333
141,141,141,302,3161,3137,19029,10636,0.589917769,0.5600933920000001,0.06636300099999999,5,6403.32,160.08,56775.0,1419.38,40,2275.61,57.57,1921.19,57590.1,24.95,2.81,1,3,55.0,160.08,6403.32,0.0,6403.32,167611.3333
142,142,142,304,3351,3352,21706,10934,0.945172825,0.567528641,0.083751347,13,6348.04,158.7,40432.76,1010.82,40,3139.8,79.49,0.0,40820.5,12.88,2.02,1,2,55.0,158.7,6348.04,0.0,6348.04,281326.0
143,143,143,306,3351,3353,21184,10783,0.920170828,0.5635114729999999,0.079544123,13,5979.52,149.49,49408.97,1235.22,40,3021.2,76.39,518.96,49810.1,16.35,1.98,1,2,55.0,149.49,5979.52,0.0,5979.52,116210.25
144,144,144,308,3323,3294,19767,10787,0.350419385,0.56672849,0.122183371,5,6252.64,156.32,45856.68,1146.42,40,2536.8,64.13,0.0,46148.5,18.08,2.46,1,2,55.0,156.32,6252.64,0.0,6252.64,159216.75
145,145,145,310,3316,3294,19144,10882,0.7653405259999999,0.54502183,0.122727702,5,5750.13,159.73,42476.67,1179.91,36,2095.0,58.93,0.0,42840.0,20.28,2.74,0,11,45.0,16.0,576.0,646.0,5104.13,178855.5
146,146,146,314,3253,3230,17723,10708,1.095238095,0.532642058,0.116259994,7,3110.0,115.19,5763.9,213.48,27,2108.11,80.27,0.0,5763.9,2.73,1.48,0,1,60.0,15.0,405.0,405.0,2705.0,150610.0
147,147,147,316,3316,3294,18373,10739,2.126126126,0.533434002,0.123479937,5,4971.2,142.03,49168.4,1404.81,35,2156.7,54.45,568.38,49168.38,22.8,2.31,0,11,45.0,5.38,188.39,188.39,4782.81,81958.0
148,148,148,318,3246,3230,15659,10699,1.589352043,0.5575616320000001,0.15376589999999998,4,729.66,45.6,1577.4,98.59,16,1363.84,88.0,676.36,1586.25,1.16,0.54,0,1,60.0,8.74,139.85,139.85,589.81,173128.0833
149,149,149,320,3282,3254,18425,11014,0.682016807,0.363182385,0.136978586,5,6427.3,160.68,39966.7,999.17,40,2094.49,52.88,0.0,40215.6,19.08,3.07,1,2,55.0,160.68,6427.3,0.0,6427.3,176513.8333
150,150,150,322,3282,3254,18343,10989,0.8870967740000001,0.363362932,0.144001966,5,6406.13,160.15,42161.9,1054.05,40,2108.02,53.22,1986.4,42397.1,20.0,3.04,1,2,55.0,160.15,6406.13,0.0,6406.13,121615.1667
151,151,151,324,3282,3254,18264,10960,1.5626890759999998,0.363966123,0.16713224599999998,5,6335.9,158.4,38206.7,955.17,40,2122.35,54.37,2047.34,38206.74,18.0,2.99,1,2,55.0,158.4,6335.9,0.0,6335.9,125825.5833
152,152,152,326,3282,3254,18396,11005,1.343308675,0.363769163,0.15960233599999998,5,7358.55,175.2,46248.5,1101.15,42,2156.2,51.85,5820.41,48109.42,21.45,3.41,1,2,55.0,175.2,7358.55,0.0,7358.55,146161.8333
153,153,153,338,3083,3054,21614,10518,37.11363636,0.395947543,0.210988679,5,6519.62,162.99,46595.84,1164.9,40,3920.82,10.33,1062.3,46595.8,11.88,1.66,1,2,55.0,162.99,6519.62,0.0,6519.62,101391.3333
154,154,154,340,3083,3054,20459,10401,5.426686217,0.403522306,0.215827175,13,6118.46,156.88,55784.21,1430.36,39,2926.7,74.1,3436.59,56238.25,19.06,2.09,1,2,55.0,156.88,6118.46,0.0,6118.46,107837.4167
155,155,155,342,3083,3054,21112,10516,41.60606061,0.39633736,0.220824434,13,6370.64,159.27,52686.5,1317.16,40,3122.78,79.31,1626.78,53387.55,16.87,2.04,1,2,55.0,159.27,6370.64,0.0,6370.64,160768.8333
156,156,156,344,3083,3054,19783,10410,7.577557756,0.402828842,0.22611276,13,6405.81,160.15,47752.83,1193.82,40,2735.75,69.42,0.0,47357.5,17.46,2.34,1,2,55.0,160.15,6405.81,0.0,6405.81,92858.75
157,157,157,346,3083,3054,20325,10518,49.76237624,0.3966328,0.231253662,6,6076.96,159.92,21349.04,561.82,38,2814.72,74.25,1611.3,21349.0,7.58,2.16,1,2,55.0,159.92,6076.96,0.0,6076.96,102022.5833
158,158,158,358,3316,3295,16873,10771,1.953441296,0.534115156,0.18140581,5,3523.52,92.72,40011.3,1052.93,38,1726.77,44.17,140.8,40560.1,23.17,2.04,0,11,45.0,2.97,112.93,229.22,3294.3,26760.25
159,159,159,360,3253,3233,19423,10625,4.83902439,0.533372452,0.193161844,6,4838.28,210.36,7016.5,305.07,23,2492.6,108.37,878.01,7125.9,2.81,1.94,1,2,55.0,210.36,4838.28,0.0,4838.28,119937.1667
160,160,160,362,3316,3294,15814,10665,9.543046358,0.529970784,0.187004101,5,3073.76,99.15,29886.6,964.08,31,1387.1,45.5,295.89,30247.1,21.55,2.22,0,11,45.0,4.03,125.0,125.0,2948.76,18748.0
161,161,161,364,3249,3230,19800,10605,6.066666667000001,0.536006795,0.211155002,12,3911.3,139.69,5487.53,195.98,28,3377.79,93.43,1781.24,5656.0,1.62,1.16,0,8,55.0,1.58,44.3,449.4,3461.9,178907.3333
162,162,162,366,3253,3234,19062,10451,5.101933216,0.535608771,0.203715814,6,3745.56,156.07,8304.2,346.01,24,2352.88,100.86,1113.27,8304.17,3.53,1.59,1,2,55.0,156.07,3745.56,0.0,3745.56,60977.5
163,163,163,368,3059,3034,20630,10523,6.326226012999999,0.469101861,0.267882591,6,4502.77,160.81,7848.3,280.3,28,2899.9,107.37,1930.05,7814.7,2.71,1.55,1,2,55.0,160.81,4502.77,0.0,4502.77,87598.33333
164,164,164,370,3250,3232,20876,10689,126.1282051,0.464280439,0.29049878100000004,14,2785.53,75.28,14917.7,403.18,37,2890.7,79.42,3186.66,15173.67,5.16,0.96,0,8,60.0,12.17,450.25,558.13,2227.4,118624.9167
165,165,165,374,3083,3054,19524,10397,0.110429448,0.403616683,0.235982536,6,6037.64,158.89,18285.6,481.2,38,2657.2,67.32,0.0,18285.6,6.88,2.27,1,2,55.0,158.89,6037.64,0.0,6037.64,38058.33333
166,166,166,376,3054,3034,20194,10521,0.619273984,0.424785806,0.251170878,6,6202.95,238.58,8695.3,334.43,26,2686.74,105.72,1488.1,8692.89,3.24,2.31,1,2,55.0,238.58,6202.95,0.0,6202.95,38999.41667
167,167,167,378,3052,3029,20413,10520,0.31627907,0.455006894,0.25123136,11,4460.3,123.9,29366.3,815.73,36,2896.9,82.73,4043.99,29366.29,10.14,1.54,0,1,60.0,14.83,533.8,533.8,3926.5,71774.08333
168,168,168,393,3210,3177,20112,10802,0.223019339,0.236684667,0.307463759,10,5573.48,142.91,62566.55,1604.27,39,2672.35,68.5,5415.93,65258.34,23.41,2.09,1,3,55.0,142.91,5573.48,0.0,5573.48,150019.0
169,169,169,403,3250,3232,17966,10622,0.498630762,0.45244641,0.319662061,17,2043.16,72.97,11286.3,403.08,28,2206.84,80.81,933.27,11409.5,5.11,0.93,0,1,60.0,14.84,415.57,415.57,1627.59,63664.08333
170,170,170,405,3183,3157,19606,10561,0.311895551,0.489893477,0.301139693,11,6542.1,163.55,41963.7,1049.09,40,2701.17,68.14,499.07,41963.7,15.54,2.42,1,2,55.0,163.55,6542.1,0.0,6542.1,148510.25
171,171,171,407,3250,3233,20505,10675,0.605263158,0.467238946,0.296029031,15,4500.0,125.0,5807.44,161.32,36,2863.64,80.43,0.0,5807.4,2.03,1.57,0,1,60.0,12.5,450.0,450.0,4050.0,39410.58333
172,172,172,410,3183,3157,19984,10421,0.69776482,0.490016577,0.310223213,11,4771.8,164.54,31292.37,1079.05,29,2753.08,98.03,1220.29,34772.07,11.37,1.73,1,2,55.0,164.54,4771.8,0.0,4771.8,121095.1667
173,173,173,412,3210,3201,20075,10540,1.926938093,0.4872878570000001,0.333553838,11,4466.0,159.5,32980.7,1177.88,28,2716.5,99.48,2747.62,32980.67,12.14,1.64,1,2,55.0,159.5,4466.0,0.0,4466.0,41988.83333
174,174,174,414,3209,3198,19849,10386,1.665911151,0.492531924,0.335965526,11,6400.0,160.0,42614.3,1065.36,40,2726.26,69.01,0.0,42617.3,15.63,2.35,1,2,55.0,160.0,6400.0,0.0,6400.0,52626.5
175,175,175,416,3177,3158,19685,10285,1.719017094,0.488198799,0.33079816300000003,11,4480.0,160.0,34170.1,1220.36,28,2666.07,97.5,25.44,34195.54,12.82,1.68,1,2,55.0,160.0,4480.0,0.0,4480.0,92965.0
176,176,176,418,3177,3157,19514,10452,1.4971578490000002,0.493442865,0.333039747,11,6578.97,164.47,51139.81,1278.5,40,2593.65,65.81,1536.91,51512.3,19.72,2.54,1,2,55.0,164.47,6578.97,0.0,6578.97,150939.8333
177,177,177,420,3176,3157,19049,10302,1.429064417,0.4975420999999999,0.336487176,11,5732.8,146.99,44284.6,1135.5,39,2475.52,68.0,1178.9,49091.19,17.89,2.32,1,2,55.0,146.99,5732.8,0.0,5732.8,72356.25
178,178,178,422,3212,3182,20413,10501,1.5743265709999998,0.502860027,0.347944584,11,4937.0,176.32,32499.37,1160.69,28,2823.23,104.55,0.0,32499.4,11.51,1.75,1,4,55.0,176.32,4937.0,0.0,4937.0,41306.41667
179,179,179,424,3212,3180,20374,10369,1.424521858,0.501686472,0.341488216,11,4319.0,159.96,33684.89,1247.59,27,2874.39,104.76,10.0,33684.9,11.72,1.5,1,4,55.0,159.96,4319.0,0.0,4319.0,44901.75
180,180,180,426,3178,3157,19275,10293,1.37269026,0.505067623,0.343858323,11,6330.3,158.26,48134.0,1203.35,40,2568.09,65.05,52.16,47834.6,18.74,2.46,1,2,55.0,158.26,6330.3,0.0,6330.3,89681.0
181,181,181,428,3178,3157,19298,10411,1.383247863,0.501620819,0.340059347,11,4117.3,171.55,27550.06,1147.92,24,2461.4,89.44,0.0,28573.9,11.19,1.67,1,2,55.0,171.55,4117.3,0.0,4117.3,117720.25
182,182,182,430,2945,2924,17654,10188,0.08477957300000001,0.593535601,0.296323877,6,3156.64,166.14,3618.4,190.44,19,2205.13,113.48,1164.91,3726.54,1.64,1.43,1,2,0.0,166.14,3156.64,0.0,3156.64,201978.6667
183,183,183,438,2988,2964,20138,9913,0.7495268140000001,0.753065194,0.363677257,6,4465.13,159.47,7661.8,273.64,28,2859.3,104.43,337.06,7626.3,2.68,1.56,1,2,55.0,159.47,4465.13,0.0,4465.13,85499.41667
184,184,184,440,2988,2965,19902,9740,0.693815988,0.7665815909999999,0.370938782,6,4482.18,160.08,6575.0,234.82,28,2853.39,105.63,701.68,6576.3,2.3,1.57,1,2,55.0,160.08,4482.18,0.0,4482.18,98591.75
185,185,185,442,2988,2965,19970,9717,0.912695875,0.7727858390000001,0.382509592,6,4475.75,159.85,6558.3,234.23,28,2843.1,103.62,472.41,6558.3,2.31,1.57,1,2,55.0,159.85,4475.75,0.0,4475.75,86573.91667
186,186,186,448,2990,2965,16161,9978,0.809890656,0.717243049,0.388266647,6,2710.1,117.83,4114.8,178.9,23,1721.92,76.84,818.51,4144.5,2.39,1.57,0,1,60.0,15.18,349.1,349.1,2361.0,211047.1667
187,187,187,452,3114,3095,18632,10042,0.098141264,0.751243312,0.412020639,13,6400.73,160.02,43708.34,1092.71,40,2373.57,60.47,1053.92,44831.9,18.41,2.7,1,2,55.0,160.02,6400.73,0.0,6400.73,137499.4167
188,188,188,454,3114,3095,18445,9893,0.265830346,0.755449233,0.415551229,13,7836.13,156.72,57961.7,1159.23,50,2463.24,49.48,1198.86,59496.55,23.53,3.18,1,2,55.0,156.72,7836.13,0.0,7836.13,92970.83333
189,189,189,456,3114,3095,18517,10036,0.364522417,0.760258346,0.4189495170000001,13,6080.14,152.0,45169.78,1129.24,40,2365.2,63.9,1708.21,45169.71,19.1,2.57,1,2,55.0,152.0,6080.14,0.0,6080.14,55734.75
190,190,190,458,3114,3095,18396,9891,0.413593038,0.764841775,0.421758113,13,8000.01,160.0,58200.16,1164.0,50,2477.22,49.87,1220.74,59496.55,23.49,3.23,1,2,55.0,160.0,8000.01,0.0,8000.01,122509.25
191,191,191,460,2990,2965,16109,9857,0.233788396,0.749105472,0.413702773,6,2495.0,124.75,3548.6,177.43,20,1583.92,81.37,948.06,3547.5,2.24,1.58,0,1,60.0,15.15,303.0,303.0,2192.0,63135.58333
192,192,192,461,2833,2812,18832,9584,0.560373582,0.772330368,0.429431666,5,5679.02,167.03,33858.16,995.83,34,2596.48,64.0,358.5,33313.66,13.04,2.19,1,2,55.0,167.03,5679.02,0.0,5679.02,94760.75
193,193,193,463,2833,2811,18537,9713,0.573507574,0.777020484,0.4322440420000001,5,8269.73,206.74,48694.7,1217.37,40,2509.51,63.83,0.0,48694.7,19.4,3.3,1,2,55.0,206.74,8269.73,0.0,8269.73,94979.08333
194,194,194,465,2833,2811,18146,9560,0.5925529070000001,0.781665463,0.435389064,16,6591.9,164.8,41762.14,1044.05,40,2488.89,62.91,1.5,41762.1,16.78,2.65,1,2,55.0,164.8,6591.9,0.0,6591.9,85299.91667
195,195,195,471,2838,2811,18301,9711,0.625216745,0.785547221,0.438885634,5,4874.88,162.5,40578.6,1352.62,30,1774.87,60.15,1594.1,41976.48,22.86,2.75,1,2,55.0,162.5,4874.88,0.0,4874.88,59736.5
196,196,196,473,3133,3108,17667,9843,0.477272727,0.794993106,0.4360052170000001,5,5030.0,98.63,40385.3,791.87,51,2575.0,43.74,1260.49,43284.9,15.68,1.95,1,2,55.0,98.63,5030.0,0.0,5030.0,106291.5833
197,197,197,477,2837,2811,17995,9562,0.682148722,0.7884687979999999,0.443289421,5,9405.02,156.75,75575.2,1259.59,60,2469.58,41.43,1107.0,76031.87,30.6,3.81,1,2,55.0,156.75,9405.02,0.0,9405.02,90517.66667
198,198,198,479,2838,2811,17877,9540,0.6625393079999999,0.798924105,0.448381183,5,2773.91,69.35,52813.24,1320.33,40,1990.98,108.31,1437.13,52842.94,26.53,1.39,1,2,55.0,69.35,2773.91,0.0,2773.91,72925.91667
199,199,199,481,2833,2811,17959,9672,0.786080442,0.7989076909999999,0.455491504,5,9991.82,166.53,58339.4,972.32,60,2427.58,40.7,3049.51,59927.1,24.03,4.12,1,2,55.0,166.53,9991.82,0.0,9991.82,100452.8333
200,200,200,483,3140,3108,17913,9998,0.5066199379999999,0.7993262320000001,0.4395358070000001,5,5383.53,99.7,39976.3,740.3,54,2310.8,43.53,1735.63,43344.7,17.3,2.33,1,2,55.0,99.7,5383.53,0.0,5383.53,77852.91667
201,201,201,494,3133,3108,18258,9739,40.30136986,0.802978203,0.443376363,5,5570.36,99.47,44965.2,802.95,56,2298.0,40.91,2045.62,49134.19,19.57,2.42,1,2,55.0,99.47,5570.36,0.0,5570.36,66607.58333
202,202,202,496,3140,3108,18668,9958,8.292307692,0.8070405079999999,0.446661249,5,5813.74,100.24,45053.6,776.79,58,2499.4,43.78,1380.58,45931.0,18.03,2.33,1,2,55.0,100.24,5813.74,0.0,5813.74,82553.33333
203,203,203,516,3026,3007,17552,9606,0.541091898,1.0,0.437634429,4,2791.68,116.32,27756.17,1156.51,24,2261.27,98.0,2545.85,28064.97,12.27,1.23,0,5,55.0,32.31,775.37,210.46,2581.22,46227.16667
204,204,204,520,3068,3049,17060,9726,2.927561837,0.884568985,0.507985409,17,3393.55,121.2,17697.13,632.04,28,2214.12,81.07,1360.49,17697.15,7.99,1.53,0,1,60.0,15.16,424.5,424.5,2969.05,44304.58333
205,205,205,523,2985,2966,17224,9926,4.570736434,0.6163870929999999,0.529543178,4,3078.0,114.0,5311.5,196.72,27,2009.4,77.21,0.0,5311.5,2.64,1.53,1,2,55.0,98.63,2663.0,0.0,3078.0,80992.66667
206,206,206,525,2989,2979,16371,9756,9.940677966,0.609399107,0.529395755,4,2861.71,124.42,4615.72,200.68,23,1798.5,80.51,649.78,4615.72,2.57,1.59,1,2,55.0,124.42,2861.71,0.0,2861.71,56161.5
207,207,207,527,2985,2966,17051,9930,1.979237288,0.6329892,0.5286473,7,3196.0,114.14,4705.0,168.04,28,2072.91,76.7,1209.43,5899.4,2.27,1.54,0,1,60.0,15.0,420.0,420.0,2776.0,99924.91667
208,208,208,529,2989,2980,17585,9733,0.950930626,0.611151233,0.54223289,6,3442.84,122.96,6566.8,234.53,28,2193.24,80.23,780.33,6543.68,2.99,1.57,1,2,55.0,122.96,3442.84,0.0,3442.84,46056.83333
209,209,209,533,2830,2814,19892,9479,10.30484988,0.610297738,0.587189325,6,6984.59,240.85,10035.4,346.05,29,2988.82,105.2,904.66,10035.5,3.36,2.34,1,2,55.0,240.85,6984.59,0.0,6984.59,91301.33333
210,210,210,535,2854,2830,20157,9615,3.116925065,0.6911704359999999,0.589714415,13,6000.46,120.01,43528.57,870.57,50,2972.18,60.35,50.0,46838.7,14.65,2.02,1,2,55.0,120.01,6000.46,0.0,6000.46,68346.83333
211,211,211,539,2854,2829,18488,9569,1.721807186,0.706960083,0.589559432,13,5768.51,117.72,47913.71,977.83,49,2458.1,49.53,2942.68,50697.62,19.49,2.35,1,2,55.0,117.72,5768.51,0.0,5768.51,55693.25
212,212,212,541,2850,2839,17257,9376,1.055759671,0.7296843709999999,0.589601013,5,5895.49,117.91,46460.7,929.21,50,2242.58,45.75,2172.03,48173.44,20.72,2.63,1,2,55.0,117.91,5895.49,0.0,5895.49,51622.08333
213,213,213,543,2860,2822,16424,9570,0.942067907,0.7369883140000001,0.589744656,5,5966.7,119.33,49123.21,982.46,50,1946.6,39.72,2232.53,52410.57,25.24,3.07,1,2,55.0,119.33,5966.7,0.0,5966.7,44344.33333
214,214,214,545,2850,2839,17766,9587,1.192965073,0.722261432,0.588992421,5,6000.66,120.01,45086.53,901.73,50,2366.67,48.1,85.0,46132.7,19.05,2.54,1,2,55.0,120.01,6000.66,0.0,6000.66,35681.08333
215,215,215,547,2860,2822,16010,9446,8.244863014,0.7459294879999999,0.588512351,5,5947.69,118.95,48227.47,964.55,50,1851.2,37.76,344.34,49061.9,26.05,3.21,1,2,55.0,118.95,5947.69,0.0,5947.69,49757.75
216,216,216,549,2860,2823,16158,9566,4.181974249,0.753212914,0.588996201,5,6000.3,120.01,46691.52,933.83,50,1846.0,37.66,2848.23,47624.8,25.29,3.25,1,2,55.0,120.01,6000.3,0.0,6000.3,34667.25
217,217,217,553,2855,2828,15850,9448,2.657488987,0.761321111,0.588327128,5,5060.12,120.48,40674.63,968.44,42,1766.9,43.01,1905.94,42795.57,23.02,2.86,1,2,55.0,120.48,5060.12,0.0,5060.12,19932.75
218,218,218,562,2798,2776,16581,9232,1.804469274,0.9002560479999999,0.636515527,5,5610.43,116.88,39506.2,823.05,48,2006.8,42.11,3771.37,42584.88,19.69,2.8,1,2,55.0,116.88,5610.43,0.0,5610.43,29322.66667
219,219,219,564,2798,2776,16781,9404,1.803894298,0.900362735,0.63668185,5,5764.81,120.1,39041.1,813.36,48,1976.4,41.62,2964.87,40660.57,19.75,2.92,1,2,55.0,120.1,5764.81,0.0,5764.81,33732.83333
220,220,220,566,2989,2964,18766,9332,1.808823529,0.905906345,0.6456179479999999,4,4163.8,148.71,8133.7,290.49,28,2627.92,96.12,2234.84,8133.1,3.1,1.58,1,2,55.0,148.71,4163.8,0.0,4163.8,41646.91667
221,221,221,567,2801,2775,16699,9427,2.420812183,0.898265929,0.646861593,5,6001.31,120.03,37586.2,751.72,50,1991.8,40.63,0.0,38374.6,18.87,3.01,1,2,55.0,120.03,6001.31,0.0,6001.31,17663.5
222,222,222,569,2798,2776,16486,9330,2.220732336,0.897744805,0.641527906,5,5514.01,117.32,36279.6,771.91,47,1945.97,41.84,2893.7,39602.37,18.64,2.83,1,2,55.0,117.32,5514.01,0.0,5514.01,29642.83333
223,223,223,571,2803,2776,16470,9215,2.493775934,0.897744805,0.6473341020000001,5,5631.84,119.83,39786.8,846.53,47,1966.0,42.29,2576.31,40615.92,20.24,2.86,1,2,55.0,119.83,5631.84,0.0,5631.84,25910.66667
224,224,224,573,2806,2773,14528,9406,0.599752934,0.8670805570000001,0.6261014189999999,5,4594.2,241.8,27190.8,1431.09,19,1315.14,73.06,2791.05,27167.6,20.68,3.49,1,2,55.0,241.8,4594.2,0.0,4594.2,5699.75
225,225,225,575,2832,2801,19728,9598,0.458489155,0.638951351,0.611291085,11,4314.7,159.8,27587.9,1021.77,27,2899.21,105.75,0.0,27587.9,9.52,1.49,1,2,55.0,159.8,4314.7,0.0,4314.7,46294.83333
226,226,226,577,2833,2817,20374,9589,0.574442435,0.626194071,0.608399327,6,4775.15,159.17,10139.9,338.0,30,3158.46,103.83,1255.54,10139.9,3.21,1.51,1,2,55.0,159.17,4775.15,0.0,4775.15,69772.66667
227,227,227,579,2842,2802,19852,9449,0.422993492,0.634265338,0.608486269,11,4688.7,161.68,30550.3,1053.46,29,3041.1,103.35,1015.69,30494.8,10.05,1.54,1,2,55.0,161.68,4688.7,0.0,4688.7,61083.75
228,228,228,581,2839,2813,20774,9472,0.744779582,0.610650625,0.601447769,6,4997.01,161.19,8401.61,271.02,31,3232.8,107.73,0.0,8401.6,2.6,1.55,1,2,55.0,161.19,4997.01,0.0,4997.01,70951.58333
229,229,229,585,2833,2819,20472,9448,0.803395889,0.619411253,0.607911697,6,4966.89,160.22,9657.2,311.52,31,3178.11,104.91,0.0,9657.2,3.04,1.56,1,2,55.0,160.22,4966.89,0.0,4966.89,71570.75
230,230,230,587,3037,3014,17982,10073,0.945828391,0.5646029610000001,0.381553233,14,3369.08,93.59,19711.6,547.54,36,2128.6,56.0,489.96,19711.6,9.26,1.58,1,2,55.0,93.59,3369.08,0.0,3369.08,19217.08333
231,231,231,591,3037,3014,17562,9998,0.922421142,0.57722483,0.391131944,6,3885.47,99.63,13440.39,344.63,39,2100.1,53.83,146.92,14736.82,6.4,1.85,1,2,55.0,99.63,3885.47,0.0,3885.47,40846.08333
232,232,232,593,3037,3014,17654,10199,0.905935777,0.571652496,0.3860326220000001,6,4045.46,101.14,10708.8,267.72,40,2050.2,52.56,122.08,12277.11,5.22,1.97,1,2,55.0,101.14,4045.46,0.0,4045.46,131893.5
233,233,233,595,3100,3080,20013,10069,1.5769230769999998,0.557216952,0.389113383,6,4456.84,123.8,7249.88,201.39,36,2884.5,82.41,1361.9,7249.9,2.51,1.55,1,2,55.0,123.8,4456.84,0.0,4456.84,64077.58333
234,234,234,597,3056,3037,20154,10624,12.13647643,0.271456357,0.416798654,18,3213.0,107.1,33365.65,1112.19,30,2755.24,46.34,1905.36,36316.4,12.11,1.17,1,12,55.0,107.1,3213.0,0.0,3213.0,26307.66667
235,235,235,599,3056,3037,19934,10475,79.65517241,0.26706988800000003,0.413782154,18,5044.0,98.9,44903.88,880.47,51,2705.17,45.64,3214.29,46514.5,16.6,1.86,1,12,55.0,98.9,5044.0,0.0,5044.0,65351.25
236,236,236,601,3236,3208,20010,10850,0.668789809,0.222015232,0.376011643,5,6029.1,100.49,43459.6,724.33,60,2658.09,45.04,3908.59,45771.5,16.35,2.27,1,2,55.0,100.49,6029.1,0.0,6029.1,136040.3333
237,237,237,603,3243,3207,20164,10863,0.7270970240000001,0.231001543,0.382959421,5,5985.16,99.75,42133.6,702.23,60,2738.33,46.4,4632.98,44246.47,15.39,2.19,1,2,55.0,99.75,5985.16,0.0,5985.16,108208.25
238,238,238,607,3243,3218,18501,10859,0.351812367,0.251308965,0.377950821,5,5200.49,100.01,41711.9,802.15,52,2221.4,43.48,2517.59,43840.99,18.78,2.34,1,2,55.0,100.01,5200.49,0.0,5200.49,97416.66667
239,239,239,615,3056,3037,20358,10630,0.876247505,0.262084332,0.4111587820000001,18,1486.03,39.11,47814.42,1258.27,38,2011.97,163.78,3036.52,47887.94,23.76,0.74,1,12,55.0,39.11,1486.03,0.0,1486.03,116780.25
240,240,240,619,3064,3034,20177,10383,0.351145038,0.284628073,0.426388705,6,4575.39,157.77,9625.3,331.91,29,2795.28,98.69,0.0,9625.3,3.44,1.64,1,2,55.0,157.77,4575.39,0.0,4575.39,44261.91667
241,241,241,621,3060,3033,20259,10529,0.434247342,0.289039162,0.429401425,11,4319.5,159.98,27923.5,1034.2,27,2741.22,100.26,0.0,27923.5,10.19,1.58,1,2,55.0,159.98,4319.5,0.0,4319.5,41685.41667
242,242,242,623,3060,3032,20341,10370,0.5773042620000001,0.292055116,0.433839233,11,4480.4,160.01,30998.8,1107.1,28,2803.5,102.63,0.0,31118.8,11.06,1.6,1,2,55.0,160.01,4480.4,0.0,4480.4,30425.33333
243,243,243,627,3060,3031,20669,10502,0.5599672529999999,0.297430489,0.436073258,11,2725.0,104.81,18070.5,695.02,26,1868.1,103.78,0.0,28510.8,9.67,1.46,1,2,55.0,104.81,2725.0,0.0,2725.0,40767.83333
244,244,244,635,3172,3153,20292,10651,0.89314587,0.302805863,0.449458504,13,9442.12,157.37,63961.23,1066.02,60,2796.13,47.79,3880.88,65847.28,22.87,3.38,1,2,55.0,157.37,9442.12,0.0,9442.12,193890.1667
245,245,245,637,3175,3155,19944,10642,0.900684932,0.311250533,0.456338241,5,9607.42,160.12,68138.32,1135.64,60,2721.4,45.7,1759.85,68778.1,25.04,3.53,1,2,55.0,160.12,9607.42,0.0,9607.42,153879.8333
246,246,246,640,2945,2926,20587,10173,0.837390458,0.426201458,0.437298002,6,3663.83,159.3,8934.6,388.46,23,2976.37,105.27,29.49,9307.29,3.0,1.23,1,2,55.0,159.3,3663.83,0.0,3663.83,25264.66667
247,247,247,642,2945,2926,20036,10033,0.7924989809999999,0.431260874,0.439796632,6,3969.83,152.69,12255.77,471.38,26,2828.75,99.33,231.19,12255.79,4.33,1.4,1,2,55.0,152.69,3969.83,0.0,3969.83,34332.91667
248,248,248,644,2945,2926,19915,10173,0.8142392479999999,0.435282146,0.443244061,6,4474.03,159.79,10665.4,380.91,28,2758.7,102.14,0.0,10665.4,3.87,1.62,1,2,55.0,159.79,4474.03,0.0,4474.03,43469.08333
249,249,249,646,2949,2926,18543,10013,0.556813138,0.457083183,0.44571245,6,1684.78,56.16,3693.0,123.1,30,2394.53,81.27,1974.46,3693.0,1.54,0.7,1,2,0.0,56.16,1684.78,0.0,1684.78,62622.0
250,250,250,648,2947,2927,20358,10132,0.93648539,0.462987887,0.46986335,6,4443.23,158.69,7418.1,264.93,28,2886.27,105.69,957.18,7384.5,2.57,1.54,1,2,55.0,158.69,4443.23,0.0,4443.23,27676.66667
251,251,251,650,2949,2926,17421,10195,4.420091324,0.472926173,0.438764671,6,1560.99,55.75,3153.6,112.63,28,2144.91,79.44,1698.76,3271.37,1.47,0.73,1,2,0.0,55.75,1560.99,0.0,1560.99,42373.16667
252,252,252,652,3087,3066,19757,9924,0.026510628,0.58770886,0.477211817,6,4317.31,159.9,6849.4,253.68,27,2721.77,103.28,0.0,6849.4,2.52,1.59,1,2,55.0,159.9,4317.31,0.0,4317.31,103785.0833
253,253,253,654,3087,3066,20200,10086,0.055491662,0.578866166,0.478323159,6,4482.69,160.1,7689.9,274.64,28,2849.18,105.45,0.0,7879.9,2.7,1.57,1,2,55.0,160.1,4482.69,0.0,4482.69,101691.8333
254,254,254,658,2986,2966,19514,9946,1.359145953,0.575784558,0.525305714,7,4286.4,119.07,6422.85,178.41,36,2783.31,77.26,247.86,7357.33,2.31,1.54,0,1,60.0,15.33,552.0,552.0,3734.4,117010.75
255,255,255,660,3205,3185,19186,10450,34.47826087,0.334713423,0.508877507,5,5771.05,97.81,52436.37,888.75,59,2535.37,42.57,2753.83,55189.37,20.68,2.28,1,2,55.0,97.81,5771.05,0.0,5771.05,57365.41667000001
256,256,256,662,2884,2865,20358,10266,47.88405797,0.336719955,0.519518418,5,4543.29,162.26,25253.6,901.91,28,2904.24,105.94,2347.96,25278.9,8.7,1.56,1,2,55.0,162.26,4543.29,0.0,4543.29,89838.16667
257,257,257,664,3058,3033,19931,10338,7.259405941,0.34227177200000003,0.523563099,11,4471.8,159.71,30130.4,1076.09,28,2706.94,99.07,0.0,30130.4,11.13,1.65,1,2,55.0,159.71,4471.8,0.0,4471.8,63104.91667000001
258,258,258,666,3205,3185,19797,10578,13.14423077,0.33829563700000004,0.5128768260000001,5,6404.16,160.1,48119.3,1202.98,40,2594.0,66.04,6300.94,48888.0,18.55,2.47,1,2,55.0,160.1,6404.16,0.0,6404.16,33600.75
259,259,259,668,3205,3185,20062,10438,4.764227642,0.343428914,0.515035249,5,6027.87,154.56,56326.7,1444.27,39,2638.0,67.19,3988.92,58365.0,21.35,2.29,1,2,55.0,154.56,6027.87,0.0,6027.87,36013.33333
260,260,260,670,3058,3032,19816,10175,4.9652605460000006,0.34614122,0.527346954,11,6297.9,157.45,49010.8,1225.27,40,3361.12,77.76,96.47,49010.8,14.58,1.87,1,2,55.0,157.45,6297.9,0.0,6297.9,68223.25
261,261,261,672,3058,3031,20177,10333,3.715030408,0.350552309,0.530405035,11,6400.45,160.01,43742.3,1093.56,40,2764.56,69.89,0.0,43742.3,15.82,2.32,1,2,55.0,160.01,6400.45,0.0,6400.45,64624.08333
262,262,262,674,3058,3030,19849,10161,2.9370538610000003,0.355484522,0.53315693,11,4373.3,156.19,32378.4,1156.37,28,2791.71,102.2,0.0,32378.4,11.6,1.57,1,2,55.0,156.19,4373.3,0.0,4373.3,57233.58333
263,263,263,676,3048,3027,20600,10358,2.306891423,0.36146719,0.534495076,5,6344.34,158.61,49897.6,1247.44,40,2889.9,73.72,3115.62,50552.62,17.27,2.2,1,3,55.0,158.61,6344.34,0.0,6344.34,37111.0
264,264,264,678,3048,3027,20374,10200,2.206684257,0.364815514,0.5386304789999999,5,5944.98,99.08,57908.1,965.14,60,2988.14,50.15,4215.34,59147.17,19.38,1.99,1,3,55.0,99.08,5944.98,0.0,5944.98,48954.91667
265,265,265,680,3048,3027,17746,10325,0.919958203,0.396000886,0.530828403,5,6409.78,160.24,42014.4,1050.36,40,2122.02,53.65,2795.47,48090.0,19.8,3.02,1,6,55.0,112.22,4488.94,0.0,6409.78,44382.0
266,266,266,682,3213,3185,19948,10468,0.287034724,0.31848882300000003,0.495015971,5,4098.15,157.62,27096.63,1042.18,26,2762.54,70.18,5253.33,27331.1,9.81,1.48,1,2,55.0,157.62,4098.15,0.0,4098.15,52632.08333
267,267,267,684,3213,3185,20778,10625,0.245361396,0.313523783,0.492097753,5,5159.63,99.22,45713.39,879.1,52,2523.03,49.15,2808.85,46549.15,18.12,2.05,1,2,55.0,99.22,5159.63,0.0,5159.63,64874.5
268,268,268,686,2888,2865,20440,10209,0.39994525,0.314229557,0.498731785,6,4472.62,159.74,8076.3,288.44,28,2887.92,105.33,1114.89,7697.3,2.8,1.55,1,2,55.0,159.74,4472.62,0.0,4472.62,81948.25
269,269,269,688,3213,3185,20587,10614,0.395673077,0.320606145,0.5006936439999999,5,6012.19,100.2,50779.54,846.33,60,2888.33,48.67,4767.12,51820.77,17.58,2.08,1,2,55.0,100.2,6012.19,0.0,6012.19,67178.16667
270,270,270,690,3213,3185,20177,10460,0.396898209,0.325887142,0.502553441,5,6199.98,155.0,46515.5,1162.89,40,2764.2,70.44,0.0,47076.98,16.83,2.24,1,2,55.0,155.0,6199.98,0.0,6199.98,53451.08333
271,271,271,692,2885,2865,20217,10051,0.555292259,0.332267833,0.5138974470000001,6,4654.69,160.51,9570.4,330.01,29,2865.0,102.25,1883.14,9541.87,3.34,1.62,1,2,55.0,160.51,4654.69,0.0,4654.69,56684.75
272,272,272,694,3205,3185,21319,10596,0.6924746740000001,0.320819519,0.514827345,5,6000.47,100.01,51690.47,861.51,60,3100.76,51.82,543.07,52438.07,16.67,1.94,1,2,55.0,100.01,6000.47,0.0,6000.47,54577.33333
273,273,273,696,2884,2864,17461,10192,2.207960199,0.294595083,0.533466896,15,3104.5,114.98,5193.5,192.35,27,2075.43,76.86,159.24,5191.6,2.5,1.5,0,1,60.0,14.44,390.0,390.0,2714.5,60452.25
274,274,274,706,3048,3027,19895,10189,0.14010989,0.3729688470000001,0.5457710410000001,5,5620.05,144.1,48212.9,1236.23,39,2830.82,71.6,3241.44,49240.43,17.03,1.99,1,3,55.0,144.1,5620.05,0.0,5620.05,41774.33333
275,275,275,708,3048,3027,19462,10351,0.061657033,0.368939369,0.543000246,5,6209.34,159.21,44935.3,1152.19,39,2652.6,67.2,4400.06,44689.46,16.94,2.34,1,3,55.0,159.21,6209.34,0.0,6209.34,43417.0
276,276,276,716,3081,3057,20932,10036,0.8395765470000001,0.399107114,0.587986921,6,4802.42,160.08,8484.65,282.82,30,3127.69,106.22,1798.36,8480.5,2.71,1.54,1,2,55.0,160.08,4802.42,0.0,4802.42,46754.0
277,277,277,718,3083,3057,20276,10112,0.342465753,0.423411187,0.546300251,4,4395.3,122.09,15000.7,416.69,36,2902.23,81.84,142.32,15000.72,5.17,1.51,1,2,55.0,122.09,4395.3,0.0,4395.3,20921.0
278,278,278,720,3036,3019,20728,10218,1.203389831,0.411507402,0.549214689,4,4422.9,126.37,9565.0,273.29,35,2904.09,81.9,1195.02,9565.0,3.29,1.52,1,2,55.0,126.37,4422.9,0.0,4422.9,56508.16667000001
279,279,279,722,3083,3061,20364,10130,0.96350365,0.408421692,0.544863823,4,4479.2,159.97,10172.1,363.29,28,2900.87,106.05,1172.15,10161.6,3.51,1.54,1,2,55.0,159.97,4479.2,0.0,4479.2,36691.33333
