,TVD (ft),Bot-Hole Northing (NAD83),Total Proppant Placed (tonne),Avg Proppant Placed per Stage (tonne),Avg Fluid Pumped per Stage (m3),Stages Actual,Avg Frac Spacing (m),Avg Fluid Pumped / Meter (m3),Proppant Size 1,Total Ceramic Proppant Placed (tonne),No,SF_oil,SF_slickwater,Y_first6
0,1.2268240863960895,-0.8589876590795249,-1.9611852214281884,-1.5220414825312611,-1.299001711470565,-1.2813833913993877,0.24438838163427964,-1.1412677555955943,-1.3932650545037655,2.901430386658298,354,1,0,99580.58333
1,0.4905182302159756,-0.6289315705660391,-0.27303137433256935,-0.28701176918221055,-1.082438527769338,-0.1107884498273533,0.4157429180262882,-1.0268657904349656,0.587010149867069,2.152314548062697,372,0,0,82942.66667
2,1.2244178581079193,-0.44366979252153016,0.241627892326128,-0.8247683678234969,0.598910656551815,1.0598064917446812,-1.0975236143563358,1.182662360216391,0.09194134877436037,-0.47442713194051983,383,0,0,55833.66667000001
3,1.558883590163592,-0.2656483807654739,-0.9272581167518247,-1.9289064613940723,-0.06285877522770195,1.5150378579115835,-1.090511664018044,0.35605208253616266,0.09194134877436037,-0.47442713194051983,395,0,0,95592.08333
4,1.635882895385042,-0.2566633480405094,0.37747715255527037,-0.7149172701028703,0.5013733029931133,1.0598064917446812,-1.105412058486914,0.99199241828201,0.09194134877436037,-0.47442713194051983,397,0,0,104730.3333
5,1.277354880447666,-0.2723217301735958,-1.2474950291172073,-2.050011791843316,0.2192572638827058,1.1248395440542387,-1.1040973177984847,0.6835557475058054,0.09194134877436037,-0.47442713194051983,399,0,0,48715.08333
6,1.2749486521594957,-0.25413357997678176,-0.4251646266782137,-1.1822125855736876,0.6577971198854855,0.7346412301968938,-1.1203124529557846,1.0783546860993474,4.547560558608738,-0.47442713194051983,401,0,0,95971.75
7,-0.6909398592756452,0.3230021129908972,-1.0752419749577413,-0.1928187343883548,-1.3270620213770552,-0.9562181298516004,0.445981953860172,-1.1850096834511288,0.587010149867069,1.4302076838213154,449,0,0,110092.25
8,-0.4743793133403176,0.4090795989273525,-0.2015341214634147,-0.4952150746616168,-0.04132301926745544,0.14934375941087658,-0.48967516940565536,-0.002856043457966251,0.09194134877436037,-0.47442713194051983,451,0,0,52675.91667
9,-0.8569696111593964,0.43186930209080615,-0.42272314780517545,-1.2935316266936991,-0.2333718462938466,0.9297403871255662,-1.0589578874957304,0.17323325585790314,4.547560558608738,-0.47442713194051983,467,0,0,43894.08333
10,-0.19285060362439163,0.4272023196616014,-0.11585837201964409,-1.221357742890615,-0.3060638875427576,1.2549056486733536,-1.115053490202066,0.16986849217670824,4.547560558608738,-0.47442713194051983,469,0,0,18378.66667
11,-0.5441599336972565,0.45284892089375317,-0.2015341214634147,-0.4952150746616168,-0.05113348987503199,0.14934375941087658,-0.6715476313051019,-0.015193510289014571,4.547560558608738,-0.47442713194051983,475,0,0,58240.08333
12,-1.4224332588794186,0.4882874586065605,-0.48655998072406337,-2.3054339433362654,-1.0547800925624353,4.766690473389457,-2.164654806465137,0.2607171115689722,0.09194134877436037,-0.47442713194051983,485,0,0,40747.83333
13,-1.925334971107013,0.5074133657149105,-0.3853170036035814,-2.30372134270365,-1.107874832284404,5.091855734937245,-2.1532603871654126,0.14407197062088017,0.09194134877436037,-0.47442713194051983,490,0,0,29281.75
14,-1.5692131844578074,0.5091798400491823,-0.2701307182402899,-2.3039659999368807,-1.110451558299406,5.4820540487945895,-2.1528221402692695,0.13509926747102693,0.09194134877436037,-0.47442713194051983,492,0,0,41352.58333
15,-0.7222208270218592,0.5732527186801143,-0.052570311874970944,-1.206922966129998,-0.5243527684833899,1.319938700982911,-1.079555491614463,-0.12510912387471643,4.547560558608738,-0.47442713194051983,498,0,0,41404.08333
16,-1.1144360379936193,0.6066412736184841,0.07397221008125943,-1.211816110794614,-0.22167020062938766,1.5150378579115835,-1.0878821826411844,0.23940694158807085,0.09194134877436037,-0.47442713194051983,500,0,0,57193.58333
17,-1.6654623159846196,0.5565039185818867,-0.36219015097594937,-1.2428875794149248,0.01959645725236357,0.9297403871255662,-1.0449339868191465,0.47830516295291303,0.09194134877436037,-0.47442713194051983,502,0,0,41967.66667
18,-1.684712142289982,0.5969365687288691,-0.2130135519444428,-1.228208145421077,0.006429150918820878,1.1248395440542387,-1.1851729935849846,0.5725185460263719,0.09194134877436037,-0.47442713194051983,504,0,0,58749.5
19,-1.6029003804921917,0.6369984730753611,0.5655158235566964,-0.7413402512917961,0.228027588208997,1.319938700982911,-1.1790375370389792,0.8618882226091382,0.09194134877436037,-0.47442713194051983,510,0,0,42841.66667
20,-1.9469910257005456,0.6569094760416417,0.4539693576142187,-0.8252576822899584,0.2707917841827467,1.319938700982911,-1.1864877342734146,0.9213323809769159,0.09194134877436037,-0.47442713194051983,512,0,0,68032.25
21,-1.566806956169637,0.6717173328542323,-0.26055519330245647,-1.194934761701689,0.057372679013586295,0.9947734394351236,-1.1378423288015143,0.6173820617756379,0.09194134877436037,-0.47442713194051983,514,0,0,41826.41667
22,-1.4753702812191654,1.4017294353021519,1.1792845731830601,2.7971373129251846,-0.8918080820356085,-0.631052868303813,1.6200453886279251,-1.044811196734672,0.09194134877436037,-0.47442713194051983,531,0,0,73146.08333
23,1.048763193071487,0.5370945030333713,-1.0082300995594666,-1.9267045462949952,-0.43714595867290773,1.319938700982911,-1.0935793922910466,0.011724599160545128,0.09194134877436037,-0.47442713194051983,629,0,0,59904.25
24,0.6782040366932596,0.5582267771206384,-1.1172006932964453,-1.9465217821866896,-0.27100622992580303,1.1248395440542387,-1.099714848837052,0.20463771688238955,0.09194134877436037,-0.47442713194051983,634,0,0,39331.41667
25,-0.05569559119868411,0.45082074601707633,-1.8143437065481884,-1.270044532303543,-1.4009360470365175,-1.2163503390898303,1.9798460903615287,-1.2915605333556357,0.09194134877436037,0.5302961430092991,639,0,0,57667.66667000001
26,-0.3203807028974179,0.9519325900713602,-0.39765879130123305,-0.5116071092880801,-0.20850289429584523,-0.04575539751779583,-1.1141769964097792,0.2887568089122635,0.09194134877436037,-0.47442713194051983,656,0,0,80265.83333
27,1.0752317042413604,0.861493438043626,0.726339844734807,-0.704397009073946,0.7262812966328333,1.450004805602026,-1.0909499109141871,1.3116449679955313,0.09194134877436037,-0.47442713194051983,700,0,0,75849.41667
28,0.6589542103878971,0.8842831469763652,0.3937163468942857,1.408462857107195,2.9855262989607754,-0.5660198159942555,0.7523165342643005,1.2566871612026802,0.09194134877436037,-0.47442713194051983,702,0,0,58680.33333
29,0.24027048824626368,2.144215897578774,0.7089807059586181,-1.203497764864767,-0.10938168162700486,2.425500590245388,-1.119435959163498,0.39306448302930724,0.09194134877436037,-0.47442713194051983,737,0,0,48548.83333
30,-0.07013296092770595,2.144237705476534,0.4650008103203773,0.07165573473413374,1.04470789683538,0.2794098640299915,0.15016529896348177,0.39306448302930724,0.09194134877436037,-0.47442713194051983,739,0,0,42013.58333
31,-0.06291427606319504,2.1453063097746297,0.9018911352617487,0.06676259006951812,1.2512478527351316,0.6696081778873363,0.10940833762216033,0.5983150675821995,0.09194134877436037,-0.47442713194051983,741,0,0,55952.25
32,1.6960386025892995,0.10960758721531384,0.21844504247663732,-0.9649569624647423,-0.09413408273089198,1.2549056486733536,-1.0931411453949036,0.38969971934811215,0.09194134877436037,-0.47442713194051983,755,0,0,91298.08333
33,1.3736040119744783,0.1104362988687646,-0.02878269202940664,-1.1188463621669118,0.2549295533931468,1.1898725963637962,-1.1198742060596414,0.8091735916037507,0.09194134877436037,-0.47442713194051983,757,0,0,57440.75
34,2.177284260223361,0.1130314906257724,0.3192400418222498,-0.9644676479982808,-0.2119542887746554,1.3849717532924686,-1.1238184281249306,0.2831488694436052,0.09194134877436037,-0.47442713194051983,759,0,0,67469.83333
35,1.7393507117763651,0.11085066046477542,-0.011143567143924454,0.4283659807846324,0.35653293332414504,-0.3709206590655832,0.26367124506458234,-0.1127716570436683,0.09194134877436037,-0.47442713194051983,761,0,0,78646.33333
36,0.22342689022907153,0.7485917070881228,0.6597031507229854,-0.7122260405373316,0.2674349484567808,1.3849717532924686,-1.1483602543089524,0.8674961620777966,0.09194134877436037,-0.47442713194051983,786,0,0,227762.8333
37,0.8322026471361592,0.726870608222765,-0.2944895097488129,-1.2585456423416956,-0.1758328451882045,1.0598064917446812,-0.8437786614893971,0.28987839680599514,0.09194134877436037,-0.47442713194051983,790,0,0,46148.58333
38,1.5564773618754217,0.7568788697769113,0.2185010396984962,-0.9649569624647423,-0.22025181933672622,1.2549056486733536,-1.081746726095179,0.23716376580060738,0.09194134877436037,-0.47442713194051983,792,0,0,20238.25
39,1.549258677010911,0.8435669883892172,0.5817382187291543,-0.7291073896302563,0.5035481543085281,1.319938700982911,-1.1045355646946278,1.0379775219250078,0.09194134877436037,-0.47442713194051983,804,0,0,52531.16667
40,1.065606791088679,0.8251825671125629,0.642568000834231,-0.7249482166653328,0.22485986998871946,1.3849717532924686,-1.0970853674601926,0.7575805484920946,0.09194134877436037,-0.47442713194051983,806,0,0,101197.0833
41,0.5410490242675521,0.771839387643107,-0.02570284482717959,-1.0014108902161305,0.01640509934387474,0.9947734394351236,-1.0896351702257574,0.5085880360836676,0.09194134877436037,-0.47442713194051983,808,0,0,36955.33333
42,0.43998743616439917,1.1816615543491613,-1.6190253967051347,-1.6238188915552716,-1.1870441481031366,-0.5660198159942555,0.27550391126044976,-1.0762156577591584,-1.3932650545037655,4.334703102046495,811,1,0,102182.4167
43,-0.0845703306567278,1.9050221152867186,0.025814599282800124,0.07557025046582706,1.0418711342500566,-0.1107884498273533,0.17032465618607137,0.42783370773498836,0.09194134877436037,-0.47442713194051983,833,0,0,38214.91667
44,0.3894566421128227,1.9115209957434753,0.4110754856704745,-1.1946901044684584,-0.055695949699760536,1.9702692240784856,-1.1452925260359497,0.4827915145278396,0.09194134877436037,-0.47442713194051983,835,0,0,80561.83333
45,-0.06532050435136534,2.146571196691136,0.7504186501340365,-0.005655950966797243,1.2947685187316338,0.6045751255777788,0.16375095274392246,0.5500867881517385,0.09194134877436037,-0.47442713194051983,841,0,0,48133.58333
46,0.2980199671623511,2.1362340454586257,0.9458489544208074,-1.1959133906346122,-0.0692651307328906,2.7506658517931752,-1.118997712267355,0.4368064108848418,0.09194134877436037,-0.47442713194051983,843,0,0,41390.83333
47,-1.5162761621180605,2.5140633915293757,-0.11641834423823083,-1.8865807600451452,-1.0297693024351675,3.2058972179600778,-1.7167664786067407,-0.27652348952848976,0.09194134877436037,-0.47442713194051983,858,0,0,72292.33333
48,-0.532128792256405,-1.9916033698428053,0.628187914260924,0.4109953172252458,0.6755032463555455,0.14934375941087658,0.33466724223978817,0.11378909749012558,0.09194134877436037,-0.47442713194051983,1,0,0,99180.33333
49,-0.05569559119868411,-1.970972688942589,0.7793356155018558,0.5761389496560321,0.5496455463200326,0.14934375941087658,0.35219711808551757,0.025183653885325077,0.09194134877436037,-0.47442713194051983,3,0,0,102906.3333
50,-0.03644576489332165,-1.8877520953055467,0.9087227963285067,0.7175508304634314,0.7729933205378245,0.14934375941087658,0.33072302017449884,0.17771960743282986,0.09194134877436037,-0.47442713194051983,5,0,0,85081.0
51,-0.5995031843251736,-1.9114141374565414,0.898620897505202,0.7065412549680459,0.710631823037133,0.14934375941087658,0.2711214422990175,0.16650372849551334,0.09194134877436037,-0.47442713194051983,7,0,0,74719.91667
52,-0.0027585688589373517,-1.9290570729015,0.9333839728350666,0.7444631261188186,0.6216993159872458,0.14934375941087658,0.434587534560448,0.03527794492890994,0.09194134877436037,-0.47442713194051983,9,0,0,95972.0
53,-0.5658159882907893,-1.9428399412115143,0.8580733091573366,0.662258295753272,0.7763974356402127,0.14934375941087658,0.3368584767205043,0.17771960743282986,0.09194134877436037,-0.47442713194051983,11,0,0,101547.0
54,0.673391580116919,-1.6791990209105332,0.41747036840673507,0.656631179388964,2.053484311864576,-0.17582150213691078,-1.0786789978221762,2.713629835160097,0.09194134877436037,-0.47442713194051983,19,0,0,108271.25
55,0.45923726246976165,-1.5328651134518552,-1.9486474434540313,-1.6573369325078906,-1.249925718744471,-1.1513172867802728,0.20056369201995516,-1.1053769429961813,-1.3932650545037655,2.696881011412057,21,1,0,42035.08333
56,0.3702068158074603,-1.4450429610788882,-2.051122359455404,-1.6573369325078906,-1.2707286443701755,-1.3464164437089452,0.2391294188805605,-1.1199575856146928,-1.3932650545037655,2.2211847899091706,22,1,0,58650.91667000001
57,0.46645594733427254,-1.4880926051113534,-1.1436873792355982,-0.05360876868003281,-1.3671549325829586,-1.0862842344707153,0.08661949902271177,-1.1838880955573972,0.587010149867069,2.859674829437489,23,0,0,91517.66667
58,0.7311410590330063,-1.7353554711145973,1.391351652084043,1.4759882534788942,1.631468597921305,0.019277654791761637,-0.10577088838417271,0.8562802831404799,0.09194134877436037,-0.47442713194051983,25,0,0,110565.1667
59,1.0824503891058712,-1.7302087033961018,-1.321041780306389,0.42958926695078664,0.5879654809101087,-1.4114494960185027,-0.09437646908444874,-0.7341313501710042,0.09194134877436037,-0.47442713194051983,27,0,0,62855.41667000001
60,0.7239223741684955,-1.7530420281243608,0.845468334516949,0.7456864122849728,0.9203867765335841,0.0843107071013191,-0.18334058900152717,0.5141959755523255,0.09194134877436037,-0.47442713194051983,29,0,0,93870.16667
61,0.7888905379490937,-1.665568813654124,-0.9492090277204246,0.719508088329278,0.6647471882195276,-1.2163503390898303,-0.3731014950315524,-0.5131785351058685,0.09194134877436037,-0.47442713194051983,31,0,0,58590.83333
62,0.12477153041408894,-1.515592912268817,-1.9486474434540313,-1.6573369325078906,-1.2444413110795125,-1.1513172867802728,0.24000591267284743,-1.1053769429961813,-1.3932650545037655,2.696881011412057,33,1,0,58294.16667000001
63,0.09830301924421556,-1.4299515958261324,-1.9828057487878221,-1.6573369325078906,-1.2149862595685716,-1.2163503390898303,0.31231665053648244,-1.0919178882714016,-1.3932650545037655,2.538315604244428,34,1,0,58587.33333
64,-0.041258221469662265,-1.3505038435022796,0.9407364080651105,0.7525368148154351,0.6565678560985121,0.14934375941087658,0.2619182574800097,0.11603227327758885,0.09194134877436037,-0.47442713194051983,62,0,0,78289.33333
65,-0.07735164579221687,-1.31779134493304,0.8617635260778232,0.6661728114849647,0.6004472362855316,0.14934375941087658,0.3982130421805588,0.06443923016593289,0.09194134877436037,-0.47442713194051983,64,0,0,89809.33333
66,0.8490462451533514,-1.382780172577748,-1.8803308327864494,-1.6573369325078906,-1.2838959507037182,-1.0212511821611578,0.25578280093400424,-1.1345382282332044,-1.3932650545037655,3.0140118257473145,79,1,0,62706.16667000001
67,0.8562649300178623,-1.3818206077684523,-1.914545135342099,-1.6573369325078906,-1.275362023259537,-1.0862842344707153,0.2093286299428202,-1.1244439371896193,-1.3932650545037655,2.852803661793559,81,1,0,79126.58333
68,0.885139669475906,-1.3808828508569162,-1.9439996740397611,-1.6473059859454282,-1.2555519645386957,-1.1513172867802728,0.15717724930177415,-1.1042553551024497,-1.3932650545037655,2.7201372711299756,83,1,0,62543.16667000001
69,0.9019832674930982,-1.379879664482815,-1.9143771436765231,-1.65709227527466,-1.265102398575951,-1.0862842344707153,0.23518519681527178,-1.1199575856146928,-1.3932650545037655,2.8559749699369115,85,1,0,77379.16667
70,0.9332642352393121,-1.3788764838779992,-1.8932101938139443,-1.6130539732931168,-1.2236856648302301,-1.0862842344707153,0.3933923263229831,-1.1076201187836447,-1.3932650545037655,2.892445013585466,87,1,0,110362.4167
71,0.40630024013001487,-1.1250493079554333,-0.34908680106101964,-0.21630582877851093,-1.2168065155608208,-0.24085455444646825,0.5130337289700885,-1.1199575856146928,0.09194134877436037,-0.47442713194051983,92,0,0,57166.16667000001
72,0.4423936644525695,-1.108387745217531,-0.14008277019570642,0.7383466952880487,-1.128961434168641,-0.631052868303813,1.6796469665034064,-1.1592131618953008,0.09194134877436037,-0.47442713194051983,94,0,0,119797.3333
73,0.4159251532826961,-1.0340867548428883,0.6642053273604227,1.9934383017620247,-1.0144980638508436,-0.631052868303813,1.7103242492334336,-1.1042553551024497,0.09194134877436037,-0.47442713194051983,96,0,0,113469.25
74,0.697453862998622,-0.9946572910700068,0.960229040994115,0.7738219941065143,-0.6516524894997754,0.14934375941087658,-0.43357956669931996,-0.5400966445554283,0.09194134877436037,-0.47442713194051983,98,0,0,98373.66667
75,0.7118912327276439,-0.914511674479263,0.9240884340065271,0.7341875223231256,-0.9688971052917705,0.14934375941087658,-0.8477228835546864,-0.6847814828468115,0.09194134877436037,-0.47442713194051983,100,0,0,195115.5833
76,0.60361095975998,-0.8407995146519959,0.6903336310796797,0.773088022406822,0.6671820761052637,-0.04575539751779583,-0.9244160903797543,1.0166673519441063,0.09194134877436037,-0.47442713194051983,102,0,0,176148.0833
77,0.5771424485901067,-0.7656698126239023,0.9673574873367239,0.7816510255698996,0.6410602206320776,0.14934375941087658,-0.9239778434836108,0.9886276546008149,0.09194134877436037,-0.47442713194051983,104,0,0,201943.3333
78,0.5386427959793818,-0.7111925993937852,0.3280316056540615,0.768928849441898,0.678505486758346,-0.3058876067560257,-0.8989977704034461,0.9998435335381316,0.09194134877436037,-0.47442713194051983,108,0,0,182083.25
79,0.27155145599247765,-0.987089800545869,0.9574963765674117,0.7708861073077447,1.230563125550482,0.14934375941087658,-0.05712548291227256,0.6992579780180486,0.09194134877436037,-0.47442713194051983,110,0,0,68745.25
80,0.2138019770763903,-0.9405508236403802,0.9551948907490199,0.7681948777422056,1.1640410429246493,0.14934375941087658,0.19837245753923907,0.4872778661027661,0.09194134877436037,-0.47442713194051983,112,0,0,71506.33333
81,0.18733346590651692,-0.8424787516259425,0.907922036055928,0.7165722015305084,1.1404959134664652,0.14934375941087658,-0.2666074992687436,0.7945929489852389,0.09194134877436037,-0.47442713194051983,116,0,0,61831.0
82,0.485705773639635,-0.7274179984072022,0.9520086488252616,0.7647696764769748,0.6730447187815983,0.14934375941087658,-0.9748144834362273,1.086205801355469,0.09194134877436037,-0.47442713194051983,122,0,0,225078.9167
83,0.18973969419468723,-0.7782314098129304,-0.3023291208090272,-0.6053108296154743,0.7799433888718669,0.14934375941087658,0.4705237800441938,0.9684390725136452,0.09194134877436037,-0.47442713194051983,124,0,0,73793.5
84,0.10552170410872647,-0.7497497299484105,-2.1247587061995596,-1.6727503382014306,-1.2664971401804015,-1.4764825483280601,0.2382529250882742,-1.1143496461460345,-1.3932650545037655,1.853841596637497,126,1,0,12952.83333
85,-0.49603536793385034,-0.7362067542830414,0.7874608123935489,0.7816510255698996,-0.478775449612528,0.019277654791761637,-0.17939636693623814,-0.48401724986884553,0.09194134877436037,-0.47442713194051983,130,0,0,120167.5833
86,0.14161512843128107,-0.7805867089252928,0.9541085446449619,0.7669715915760521,1.6708759581690888,0.14934375941087658,-0.09087049391530286,1.041342285606203,0.09194134877436037,-0.47442713194051983,132,0,0,109641.75
87,0.5145805130976787,-0.7512545037402772,-2.1877555807905673,-1.6573369325078906,-1.2823357312817905,-1.606548652947175,0.9460216623596147,-1.1782801560887388,-1.3932650545037655,1.586923161238655,134,1,0,49195.41667
88,-0.3203807028974179,-0.7320195513738419,0.9327176058949486,0.7437291544191261,-0.6955277508194433,0.14934375941087658,-0.3976433212155739,-0.5838385724109627,0.09194134877436037,-0.47442713194051983,136,0,0,90746.58333
89,-0.1230699832674527,-0.7379950365150733,0.9557268643566776,0.768928849441898,-0.8502258704724102,0.14934375941087658,-0.2477628827345841,-0.7520767564707106,0.09194134877436037,-0.47442713194051983,138,0,0,184715.4167
90,-0.07253918921587627,-0.8295246065079491,-2.085280664789195,-1.6573369325078906,-1.2863781179658762,-1.4114494960185027,0.41530467113014535,-1.145754107170521,-1.3932650545037655,2.0626193827415418,148,1,0,25616.08333
91,-0.11344507011477148,-0.7564885030498126,-2.083656745355293,-1.6529331023097362,-1.4501065985154558,-1.4114494960185027,0.19574297616237948,-1.23996749024398,-1.3932650545037655,2.0722390174430445,151,1,0,13569.33333
92,0.009272572581914185,-0.7945222325196274,-1.4998297102567621,-0.6767507417188664,-1.0036947263384037,-1.1513172867802728,0.28646008366403086,-0.9483546378737499,-1.3932650545037655,2.172558065044431,152,1,0,31562.5
93,-0.24097516938779776,-0.7213988974704509,-1.0902660295824234,-0.08835009579880566,-1.3485977773373017,-1.0212511821611578,0.21327285200810953,-1.174915392407544,0.587010149867069,1.1408258157403928,155,0,0,41391.41667
94,-0.20728797335341345,-0.7221621854306217,-0.9463531694056323,-0.0814996932683434,-1.3281021676583404,-0.8911850775420429,0.3162608726017718,-1.1704290408326172,0.587010149867069,1.3554176667739168,157,0,0,51822.5
95,-0.20006928848890254,-0.7192616773356885,-1.2299231008979554,-0.08712680963265142,-1.360583099260293,-1.1513172867802728,0.25578280093400424,-1.1850096834511288,0.587010149867069,0.9753892409288332,159,0,0,34383.5
96,-0.20728797335341345,-0.7201122026561845,-1.153145310007528,-0.07342600457172722,-1.3381963145244493,-1.0862842344707153,0.262794751272296,-1.171550628726349,0.587010149867069,1.0123878359346132,161,0,0,43595.33333
97,-0.1158512984029418,-0.7181494572420725,-1.0875781629332073,-0.08296763666772822,-1.364743684385434,-1.0212511821611578,0.29697800917146916,-1.1928607987072504,0.587010149867069,1.1767673080317216,163,0,0,24816.75
98,-0.17600700560719948,-0.7189345531000032,-1.2290271453482167,-0.0851695517668051,-1.3686678726284645,-1.1513172867802728,0.26893020781830146,-1.1917392108135187,0.587010149867069,0.8728502776271,165,0,0,37586.83333
99,-0.2794748219985227,-0.40984506808938986,-2.0171992424534193,-1.6578262469743525,-1.411597546419691,-1.2813833913993877,0.1979342106430956,-1.2152925565818833,-1.3932650545037655,2.376948874883505,167,1,0,18377.41667
100,-0.3877550949661865,-0.43625495728171215,-1.6720211674721837,-0.6831118297828671,-1.0027018594335406,-1.3464164437089452,0.1418386079367602,-0.9203149405304585,-1.3932650545037655,1.7803729579831624,168,1,0,28811.16667
101,0.09830301924421556,-0.7102330288152042,-1.091889949016325,-0.09153063983080588,-1.3495433648657427,-1.0212511821611578,0.15148003965191156,-1.1704290408326172,0.587010149867069,0.9790891004294111,170,0,0,38735.75
102,0.07424073636251248,-0.7115415315272307,-1.0770058874462896,-0.06192711460987991,-1.3412931136800943,-1.0212511821611578,0.2776951457411665,-1.174915392407544,0.587010149867069,0.9796176517866367,172,0,0,52996.16667
103,0.10311547582055616,-0.7086628313300575,-1.3018795309863511,-0.09153063983080588,-1.3525219655803324,-1.2163503390898303,0.2649859857530121,-1.1794017439824704,0.09194134877436037,0.7808823414698751,174,0,0,49976.41667
104,0.08386564951519371,-0.7096660119348736,-1.231883003663009,-0.09153063983080588,-1.354696816895747,-1.1513172867802728,0.21634058028111194,-1.1782801560887388,0.587010149867069,0.8469512611230537,176,0,0,50026.75
105,0.09108433437970463,-0.7073979501828364,-1.1613825013429389,-0.09055201089788255,-1.364034493739103,-1.0862842344707153,0.22904974026926633,-1.1861312713448604,0.587010149867069,0.9151343862051341,178,0,0,56943.16667000001
106,0.13199021527859986,-0.708074006551967,-1.2317710092192917,-0.09128598259757496,-1.3620251202411657,-1.1513172867802728,0.16287445895163613,-1.1794017439824704,0.587010149867069,0.8469512611230537,180,0,0,52582.66667
107,-0.39738000811886776,-0.40618127203428595,-1.9595669017164725,-1.8726352977509897,-1.33774716044844,-0.9562181298516004,0.12781470726017669,-1.161456337682764,-1.3932650545037655,2.644025875689514,182,1,0,24038.66667
108,-0.4262547475769114,-0.3738177055984918,-2.1033509682829887,-1.7067576936205113,-1.2408244387832255,-1.4114494960185027,1.2457825393215938,-1.1771585681950072,-1.3932650545037655,1.8823305147919476,183,1,0,9089.666667
109,-0.33963052920278036,-0.43845760110975485,-1.6753250035618454,-0.6914301757127139,-0.9866505111382525,-1.3464164437089452,0.21327285200810953,-0.9214365284241903,-1.3932650545037655,1.7217037573311396,184,1,0,17657.91667
110,-0.17841323389536978,-0.6799194509231324,-0.1211725083740321,0.767950220508975,-1.0243794535230533,-0.631052868303813,1.254109230348316,-1.0784588335466216,0.09194134877436037,-0.47442713194051983,186,0,0,103358.0833
111,-0.6043156409015141,-0.5664506973180138,-0.15517962120880485,0.7148596008978929,-1.0423456165634344,-0.631052868303813,1.0625953367337178,-1.071729306184232,0.09194134877436037,-0.47442713194051983,198,0,0,101601.75
112,-0.6211592389187063,-0.4642568576262267,0.9532629865948957,0.7662376198763596,-0.8479328207159406,0.14934375941087658,-0.5111492673166744,-0.6825383070593481,0.09194134877436037,-0.47442713194051983,200,0,0,87045.33333
113,-0.2241315713706056,-0.514525060049384,0.9846382300023109,0.800489632528671,-1.0443313503731608,0.14934375941087658,-0.5488385003849935,-0.8418037879692428,0.09194134877436037,-0.47442713194051983,202,0,0,96957.0
114,-0.43106720415325206,-0.3667736161591649,1.1985084194471427,1.0341372902640793,1.0060333669221386,0.14934375941087658,0.05243624112353863,0.4648461082281331,0.09194134877436037,-0.47442713194051983,204,0,0,131044.75
115,0.016491257446425107,-0.42277741107890837,1.1311997587730171,0.9604954630616104,0.9852068016082225,0.14934375941087658,0.24351188784199332,0.33922826413018786,0.09194134877436037,-0.47442713194051983,206,0,0,160394.1667
116,-0.16156963587817763,-0.21856418910812944,-0.8925622380881905,-0.33520924412867703,-1.3348867581749055,-0.6960859206133705,0.6055038240563131,-1.2007119139633717,-5.353815463245435,-0.47442713194051983,208,0,0,203317.0833
117,-0.07975787408038719,-0.24021986428020708,-0.8315196665400505,0.9900989882825367,-1.0997191398515993,-1.2163503390898303,1.9772166089846697,-1.1625779255764956,0.587010149867069,0.5562480146490677,210,0,0,120830.0
118,-0.02200839516429981,-0.3090251490336241,1.169277869636915,1.0020871927108452,0.9787058873501898,0.14934375941087658,-0.17150792280565944,0.5927071281135416,0.09194134877436037,-0.47442713194051983,211,0,0,126861.75
119,-0.5056602810865316,-0.3058411324985259,1.0197652872742566,0.8389008181459056,0.6190753105958217,0.14934375941087658,-0.28764335028361954,0.3986724224979656,0.09194134877436037,-0.47442713194051983,213,0,0,121539.25
120,-0.4214422910005708,-0.2510586029304836,1.2004683222121963,1.036094548129926,0.9791077620497775,0.14934375941087658,-0.5041373169783824,0.859645046821675,0.09194134877436037,-0.47442713194051983,215,0,0,116563.0833
121,-0.33481807262643976,-0.05157779285147463,0.4308481047087724,0.9052029283514511,1.1504009428268862,-0.3058876067560257,-0.7657707139758995,1.319496083251653,0.09194134877436037,-0.47442713194051983,219,0,0,97415.16667
122,-0.26263122398133054,-0.09283916042119299,0.3119044057587634,0.9991513059120762,0.5952701445673164,-0.43595371137514066,-0.9055714738455948,0.9549800177888657,0.09194134877436037,-0.47442713194051983,221,0,0,115812.0833
123,-0.19285060362439163,-0.05556871891154878,-2.046732177261684,-1.646082699779274,-1.3152421772715412,-1.3464164437089452,1.1138702235824773,-1.2108062050069568,-1.3932650545037655,2.2465023999202685,223,1,0,43317.25
124,-0.4479108021704442,-0.05886178070473222,-1.9813498210194966,-1.6539117312426594,-1.2275152943204164,-1.2163503390898303,0.15630075550948722,-1.08406677301528,-1.3932650545037655,2.538315604244428,224,1,0,34950.91667
125,-0.34444298577912097,-0.3383573599879251,0.6975180746441475,0.6781610159132738,1.3020259030124193,0.019277654791761637,-1.6400732717816728,3.2082500962957567,0.09194134877436037,-0.47442713194051983,226,0,0,40274.33333
126,-0.8184699585486716,-0.3352387671461068,0.6867778074916542,0.768928849441898,1.4567240226653864,-0.04575539751779583,-1.6435792469508188,3.3305031767125066,0.09194134877436037,-0.47442713194051983,228,0,0,34269.91667
127,-0.7607204796325842,-0.34053819014892206,0.5326734529365841,0.6908831920412747,1.3282186775502385,-0.1107884498273533,-1.5791569532177618,3.080389076410348,0.09194134877436037,-0.47442713194051983,230,0,1,76344.08333
128,-0.47678554162848785,-0.3357621682309173,0.6531514757655207,0.5303880470418734,1.4007452409816725,0.0843107071013191,-1.5690772746064674,3.27891013360085,0.09194134877436037,-0.47442713194051983,232,0,1,61437.5
129,-0.250600082540479,-0.34075627489580734,0.5218043921738156,0.5741816917901861,0.9728905240502773,-0.04575539751779583,-1.6562884069389732,2.890840722369699,0.09194134877436037,-0.47442713194051983,234,0,1,22975.41667
130,-0.4599419436112957,-0.33515153555506655,0.32675486899568384,0.5433548804031055,1.3697772494252254,-0.17582150213691078,-1.692224652422719,3.431446087148356,0.09194134877436037,-0.47442713194051983,236,0,1,51509.08333
131,-0.3805364101016756,-0.061871328288465234,-2.016964054121613,-1.6573369325078906,-1.3712209589552555,-1.2813833913993877,0.4174959056108615,-1.2029550897508352,-1.3932650545037655,1.4283577540710262,239,1,0,16123.83333
132,-1.080748841959235,-0.2820700508587309,-0.8259031451876254,-0.3317840428634459,-1.2327869447914757,-0.631052868303813,0.23430870302298484,-1.1132280582523029,0.09194134877436037,-0.47442713194051983,240,0,0,11202.41667
133,1.3062296199057097,-1.9017748504909215,0.8855959437008745,0.6923511354406595,0.9178336902067928,0.14934375941087658,-0.657523730628518,0.9964787698569365,0.09194134877436037,-0.47442713194051983,264,0,1,302262.0
134,2.1363783793244657,-1.5190386293463207,-0.2116864177863923,0.7664822771095903,0.7198985808158557,-0.6960859206133705,0.1387708796637578,0.08687098804056588,0.09194134877436037,-0.47442713194051983,284,0,0,113951.5833
135,2.1243472378836143,-1.5176428950432546,0.23687932791251273,1.1721239698062478,0.8697505643855621,-0.5660198159942555,0.3798066725425424,0.23043423843821761,0.09194134877436037,-0.47442713194051983,286,0,0,95471.75
136,2.160440662206169,-1.517315770807569,0.9538341582578544,0.7667269343428215,0.9087324102455472,0.14934375941087658,-0.5698743513998691,0.8921710957398928,0.09194134877436037,-0.47442713194051983,288,0,0,89112.75
137,2.1676593470706798,-1.5161381212513878,0.14839811765362243,0.7686841922086675,0.6346538651268889,-0.43595371137514066,0.041918315616100356,0.21697518371343766,0.09194134877436037,-0.47442713194051983,290,0,0,91581.5
138,1.0054510838844213,-1.7044094468796298,0.8610915594155193,0.6654388397852722,1.1940161675762329,0.14934375941087658,-0.6290376823792072,1.2432281064779,0.09194134877436037,-0.47442713194051983,294,0,0,176133.0833
139,1.5083527961120156,-1.5931215349740784,0.911074679646571,0.8193282394874417,0.5647513070868794,0.0843107071013191,0.3298465263822125,0.022940478097861622,0.09194134877436037,-0.47442713194051983,296,0,0,283778.5833
140,0.947701604968334,-1.5856412760409804,0.7733719113739068,0.7655036481766673,1.026836292547843,0.019277654791761637,-0.7889977994714915,1.2017293544098293,0.09194134877436037,-0.47442713194051983,300,0,0,156489.8333
141,0.9621389746973559,-1.6437822853262014,0.9538677565909693,0.7667269343428215,1.6341871620655735,0.14934375941087658,-0.4537389239219093,1.3688459505758455,0.09194134877436037,-0.47442713194051983,302,0,0,167611.3333
142,1.6791950045721074,-1.5434639594574864,0.9229124923474947,0.7329642361569713,0.6683640605158151,0.14934375941087658,0.506898272424083,0.015089362841740216,0.09194134877436037,-0.47442713194051983,304,0,1,281326.0
143,1.315854533058391,-1.5677366342843315,0.7165515303539111,0.50763492435141,1.1988386639712825,0.14934375941087658,0.37104173461967743,0.4042803619666239,0.09194134877436037,-0.47442713194051983,306,0,1,116210.25
144,1.3254794462110722,-1.3217386551975945,0.8694911426943203,0.6747358146480423,0.9889182326573542,0.14934375941087658,-0.16624896005194092,0.5983150675821995,0.09194134877436037,-0.47442713194051983,308,0,0,159216.75
145,1.5540711335872515,-1.318598254458016,0.5880995031322994,0.7581639311797431,1.068087548476087,-0.1107884498273533,-0.394137346046428,0.8450644042031636,-0.8981962534110569,2.9400146357357544,310,0,0,178855.5
146,1.135387411445618,-1.355912305993895,-0.8902999503251,-0.33153938563021534,-1.2165228393022884,-0.6960859206133705,0.5410815303232562,-1.1233223492958877,0.587010149867069,1.6662058648224696,314,0,0,150610.0
147,1.2099804883788974,-1.3142583962644965,0.15192034290853298,0.3251206283612372,1.5997441363421054,-0.17582150213691078,-0.5904719555186015,1.1277045534235401,-0.8981962534110569,0.5213107699364666,316,0,0,81958.0
148,1.1137313568520852,-1.1395300405323385,-2.2232242211158515,-2.0341090716833143,-1.4881192171587887,-1.4114494960185027,0.8798463810419845,-1.2994116486117573,0.587010149867069,0.2647519411392433,318,0,0,173128.0833
149,1.871693267625732,-1.2363808414257897,0.9672958903926796,0.781406368336669,0.6408238237499673,0.14934375941087658,-0.659276718213091,0.7104738569553649,0.09194134877436037,-0.47442713194051983,320,0,0,176513.8333
150,1.8115375604214743,-1.1958609596877674,0.9554412785251983,0.7684395349754369,0.7705584326520887,0.14934375941087658,-0.6443763237442208,0.8136599431786772,0.09194134877436037,-0.47442713194051983,322,0,0,121615.1667
151,1.7417569400645354,-1.062415779423088,0.9161144296138516,0.7256245191600479,0.5368091956214442,0.14934375941087658,-0.5939779306877477,0.5893423644323466,0.09194134877436037,-0.47442713194051983,324,0,0,125825.5833
152,1.8500372130321991,-1.1058579771538033,1.4887700189515776,1.136648670987782,0.8819013641260307,0.2794098640299915,-0.7044161485158452,0.9762901877697668,0.09194134877436037,-0.47442713194051983,326,0,0,146161.8333
153,0.6782040366932596,-0.8093955130254978,1.018992525612607,0.8379221892129826,1.032604376471334,0.14934375941087658,-2.5240172613025975,-0.0970694265314251,0.09194134877436037,-0.47442713194051983,338,0,0,101391.3333
154,0.39667532697733365,-0.7814808500413087,0.7943540704043519,0.6884366197089669,1.6601435397212818,0.0843107071013191,0.27068319540287406,0.7082306811679017,0.09194134877436037,-0.47442713194051983,340,0,1,107837.4167
155,0.673391580116919,-0.7526502380433437,0.9355678644875551,0.7469096984511271,1.3925422691724456,0.14934375941087658,0.49900982829350493,0.46260293244066986,0.09194134877436037,-0.47442713194051983,342,0,1,160768.8333
156,0.4183313815708664,-0.7221403775328616,0.9552620874152508,0.7684395349754369,1.1009703547776264,0.14934375941087658,0.06558364800783585,0.5287766181708373,0.09194134877436037,-0.47442713194051983,344,0,1,92858.75
157,0.6782040366932596,-0.6924810481121606,0.7711152233330024,0.7628124186111281,-0.39305794015934037,0.019277654791761637,0.277256898845023,-0.579352220836036,0.09194134877436037,-0.47442713194051983,346,0,0,102022.5833
158,1.2869797936003473,-0.9800675190043016,-0.658740238495113,-0.8812841886998105,0.7679107875724538,0.019277654791761637,-1.0409897647538573,1.1692033054916113,-0.8981962534110569,0.7371182890916097,358,0,0,26760.25
159,0.9356704635274825,-0.9122436069579406,0.07748883561398398,1.9968635030272561,-1.0000069349774834,-0.9562181298516004,1.7725553084857744,-1.1143496461460345,0.09194134877436037,-0.47442713194051983,360,0,0,119937.1667
160,1.0319195950542948,-0.9477693820310729,-0.9105933435266833,-0.7239695877324095,0.5578721578174703,-0.43595371137514066,-0.9827029275668058,0.9875060667070835,-0.8981962534110569,0.186262064591267,362,0,0,18748.0
161,0.8875458977640763,-0.8084359482162019,-0.4415942115715484,0.2678708357852312,-1.2578922936715873,-0.631052868303813,1.1178144456477668,-1.2478186055001015,0.09194134877436037,1.9008826674305601,364,0,0,178907.3333
162,0.516986741385849,-0.8513547448621069,-0.5344040070801142,0.6686193838172724,-0.9032260514415349,-0.8911850775420429,1.4434318894821974,-1.0335953177973556,0.09194134877436037,-0.47442713194051983,366,0,0,60977.5
163,0.6902351781341112,-0.4811583130087744,-0.11038744344405144,0.7845869123686693,-1.0585624426761997,-0.631052868303813,1.72873061887145,-1.1255655250833512,0.09194134877436037,-0.47442713194051983,368,0,0,87598.33333
164,1.089669073970382,-0.3506790645323076,-1.071994136089938,-1.3079664034543161,-0.7680779539390881,-0.04575539751779583,0.5038305441510806,-0.8507764911190961,0.587010149867069,2.4755765581417695,370,0,1,118624.9167
165,0.38705041382465244,-0.6651988257015821,0.7490971156981721,0.7376127235883563,-0.5836411065166479,0.019277654791761637,-0.026448200182245928,-0.6578633733972518,0.09194134877436037,-0.47442713194051983,374,0,0,38058.33333
166,0.6854227215577705,-0.5775729501777405,0.8416661231527451,2.687286215204558,-0.9306008103899053,-0.761118972922928,1.6564198810078143,-1.0661213667155736,0.09194134877436037,-0.47442713194051983,376,0,0,38999.41667
167,0.6830164932696002,-0.5772240122750099,-0.13416946356743026,-0.11844293548619314,0.20717738320687049,-0.1107884498273533,0.6488902667744948,-0.2922257200407328,0.587010149867069,2.3469800129288223,378,0,0,71774.08333
168,1.3615728705336267,-0.2528032693669953,0.48918041071895224,0.34665046488554696,2.071261357399269,0.0843107071013191,0.025264933562657254,1.196121414941171,0.09194134877436037,-0.47442713194051983,393,0,0,150019.0
169,0.9284517786629716,-0.18242778712843177,-1.4877007120021737,-1.3644822243306296,-0.7683143508211984,-0.631052868303813,0.5647468627149916,-0.8563844305877544,0.587010149867069,1.7220737432811974,403,0,1,63664.08333
170,0.7816718530845828,-0.2892886092494236,1.0315807010864368,0.8516229942739072,0.7588331472994188,0.14934375941087658,0.009488045301500467,0.3134317425743598,0.09194134877436037,-0.47442713194051983,405,0,0,148510.25
171,1.0559818779359977,-0.31877347548804447,-0.11193856648953694,-0.09153063983080588,-1.3398274530110101,-0.1107884498273533,0.5480934806615486,-1.2018335018571036,0.587010149867069,1.9040539755739128,407,0,1,39410.58333
172,0.4447998927407398,-0.2368831924607888,0.04026188252233802,0.8758440603637553,0.8296576531796586,-0.5660198159942555,1.3194080178736591,-0.1542704091117396,0.09194134877436037,-0.47442713194051983,410,0,0,121095.1667
173,0.7311410590330063,-0.10228216476840285,-0.13097762192148596,0.7525368148154351,1.0632886917692483,-0.631052868303813,1.3829538178144298,-0.06790814129440215,0.09194134877436037,-0.47442713194051983,412,0,0,41988.83333
174,0.360581902654779,-0.08836844907182816,0.9520086488252616,0.7647696764769748,0.7972949200187612,0.14934375941087658,0.04761552526596296,0.32352603361794485,0.09194134877436037,-0.47442713194051983,414,0,0,52626.5
175,0.11755284554957801,-0.11818043954613427,-0.12313801086127167,0.7647696764769748,1.1637100872896946,-0.631052868303813,1.296180932378067,0.008359835479350241,0.09194134877436037,-0.47442713194051983,416,0,0,92965.0
176,0.5193929696740193,-0.10524810232590102,1.05222687678573,0.8741314597311399,1.3011512345486114,0.14934375941087658,-0.0926234814998755,0.7822554821541907,0.09194134877436037,-0.47442713194051983,418,0,0,150939.8333
177,0.15845872644847322,-0.08535890148809513,0.5783951845841914,0.4464706160437114,0.9631036931309116,0.0843107071013191,0.0033525887554950156,0.5770048976012985,0.09194134877436037,-0.47442713194051983,420,0,0,72356.25
178,0.6372981557943643,-0.01925784798048594,0.13276929303286672,1.1640502811096312,1.022652067734491,-0.631052868303813,1.6051449941590545,-0.13856817859949638,0.09194134877436037,-0.47442713194051983,422,0,0,41306.41667
179,0.31967602175588383,-0.056506475823084816,-0.21329353805373616,0.7637910475440518,1.2280809582883239,-0.6960859206133705,1.6143481789780632,-0.11501483283113156,0.09194134877436037,-0.47442713194051983,424,0,0,44901.75
180,0.13680267185494047,-0.042832652771155465,0.9129785851897662,0.7221993178948164,1.123498977642736,0.14934375941087658,-0.12593024560676233,0.6723398685684887,0.09194134877436037,-0.47442713194051983,426,0,0,89681.0
181,0.42073760985903674,-0.0647500284856385,-0.32623993454268074,1.0473487808585427,0.9924641858890084,-0.8911850775420429,0.9429539340866118,-0.1744589911989093,0.09194134877436037,-0.47442713194051983,428,0,0,117720.25
182,-0.1158512984029418,-0.31707242484705256,-0.8641828460502148,0.9149892176806823,-1.270988680940497,-1.2163503390898303,1.9964994724149725,-1.245575429712638,-5.353815463245435,-0.47442713194051983,430,0,0,201978.6667
183,-0.7775640776497763,0.07150842828293391,-0.13146479775165637,0.7518028431157426,-1.0743064750247444,-0.631052868303813,1.599886031405336,-1.128930288764546,0.09194134877436037,-0.47442713194051983,438,0,0,85499.41667
184,-1.1938415715032393,0.11340223642626308,-0.12191727142475242,0.7667269343428215,-1.1660757446599548,-0.631052868303813,1.652475658942525,-1.171550628726349,0.09194134877436037,-0.47442713194051983,440,0,0,98591.75
185,-1.2491848221311566,0.18015753840524285,-0.1255178927902653,0.7610998179785128,-1.1674704862644054,-0.631052868303813,1.564388032817733,-1.1704290408326172,0.09194134877436037,-0.47442713194051983,442,0,0,86573.91667
186,-0.6211592389187063,0.21337163016153274,-1.1142328405379358,-0.2669498760572856,-1.2982688811360232,-0.9562181298516004,0.39076284494612357,-1.161456337682764,0.587010149867069,1.3707456561334546,448,0,0,211047.1667
187,-0.46716062847580664,0.35041518278803613,0.9524174285448296,0.7652589909434366,0.861949467275923,0.14934375941087658,-0.32664732404036834,0.6353274680753443,0.09194134877436037,-0.47442713194051983,452,0,1,137499.4167
188,-0.8256886434131824,0.3707841631458474,1.7562015511042308,0.6845221039772742,1.0192006732556809,0.7996742825064512,-0.8082806629017945,1.209580469665951,0.09194134877436037,-0.47442713194051983,454,0,1,92970.83333
189,-0.4815979982048285,0.39038985554348843,0.7728959349881084,0.5690438898923392,0.9483052483108081,0.14934375941087658,-0.1763286386632354,0.7127170327428286,0.09194134877436037,-0.47442713194051983,456,0,1,55734.75
190,-0.830501099989523,0.40659344665914476,1.8479697982862253,0.7647696764769748,1.0304768045323411,0.7996742825064512,-0.7911890339522079,1.205094118091024,0.09194134877436037,-0.47442713194051983,458,0,1,122509.25
191,-0.9123128617873135,0.36011989344693635,-1.2346828647559427,-0.09764707066157575,-1.3017439153030443,-1.1513172867802728,0.5892886888990135,-1.1782801560887388,0.587010149867069,1.1270834804525314,460,0,0,63135.58333
192,-1.5692131844578074,0.45086436181259615,0.5482798786685968,0.9367637114382233,0.6329281678874841,-0.24085455444646825,-0.1719461697018029,0.033034769141446485,0.09194134877436037,-0.47442713194051983,461,0,0,94760.75
193,-1.2588097352838377,0.4670897608260138,1.9990055050834392,1.9082975845977086,1.1566418205145972,0.14934375941087658,-0.17939636693623814,0.7463646695547779,0.09194134877436037,-0.47442713194051983,463,0,0,94979.08333
194,-1.6269626633738947,0.48523428945802205,1.059467317572056,0.8822051484277564,0.7469187444410608,0.14934375941087658,-0.21971508138141674,0.45250864139708497,0.09194134877436037,-0.47442713194051983,465,0,1,85299.91667
195,-1.2636221918601784,0.5054069987359934,0.09798381881425873,0.8259339847846735,1.4763686035687504,-0.5009867636846981,-0.3406712247169522,1.1344340807859299,0.09194134877436037,-0.47442713194051983,471,0,0,59736.5
196,-0.9460000578216978,0.48878905179361154,0.18484670936143316,-0.736691763860411,0.15077308713535775,0.8647073348160087,-1.0598343812880167,0.32913397308660297,0.09194134877436037,-0.47442713194051983,473,0,0,106291.5833
197,-1.6221502067975542,0.5308137015542148,2.6347363651227753,0.6852560756769667,1.2564485841415574,1.450004805602026,-1.1610694142971063,2.0025431105342295,0.09194134877436037,-0.47442713194051983,477,0,0,90517.66667
198,-1.675087229137301,0.5601895283040357,-1.0785010132699162,-1.4530481427601774,1.400036050335341,0.14934375941087658,1.7699258271089149,1.546056837785447,0.09194134877436037,-0.47442713194051983,479,0,0,72925.91667
199,-1.3574650950988203,0.6012109974598234,2.9633280629894716,0.9245308497766836,0.5773512609033574,1.450004805602026,-1.193061437715563,1.2656598643525336,0.09194134877436037,-0.47442713194051983,481,0,0,100452.8333
200,-0.5730346731553002,0.5091580321514229,0.3828136877984018,-0.7105134399047158,0.028863215031086433,1.0598064917446812,-1.0690375661070248,0.5108312118711309,0.09194134877436037,-0.47442713194051983,483,0,0,77852.91667
201,-1.1962477997914098,0.5313152947412653,0.4874332973969617,-0.7161405562690243,0.17696586167317682,1.1898725963637962,-1.1838582528965553,0.7654316637482161,0.09194134877436037,-0.47442713194051983,494,0,0,66607.58333
202,-0.6692838046821125,0.5502667386675352,0.6237193359566016,-0.6973019493102531,0.11512443731312748,1.319938700982911,-1.058081393703444,0.5927071281135416,0.09194134877436037,-0.47442713194051983,496,0,0,82553.33333
203,-1.5162761621180605,0.49818844034530063,-1.06855030694563,-0.30389311827513565,1.0127706780622814,-0.8911850775420429,1.3180932771852294,-0.05332749867589076,0.09194134877436037,0.6379620544761191,516,0,0,46227.16667
204,-1.2275287675376236,0.9040633025560855,-0.7315198277448309,-0.18450038845850772,-0.22706004954150225,-0.631052868303813,0.5761412820147156,-0.5333671171930382,0.587010149867069,1.7692733794814282,520,0,1,44304.58333
205,-0.7462831099035623,1.0284362185047604,-0.9082190613198756,-0.3606535963846798,-1.2561429567439713,-0.6960859206133705,0.4069779801034232,-1.1334166403394725,0.09194134877436037,-0.47442713194051983,523,0,0,80992.66667
206,-1.1553419188925145,1.0275856931842648,-1.0293354524780007,-0.10572075935819192,-1.2467816402124043,-0.9562181298516004,0.5515994558306945,-1.1412677555955943,0.09194134877436037,-0.47442713194051983,525,0,0,56161.5
207,-0.7366581967508811,1.0232676428885055,-0.8421423395266407,-0.3572283951194487,-1.3239415825331997,-0.631052868303813,0.3846273884001181,-1.174915392407544,0.587010149867069,1.745488568406284,527,0,0,99924.91667
208,-1.2106851695204315,1.1016467851449772,-0.7039187970906907,-0.14144071540988812,-1.1667612956180746,-0.631052868303813,0.5393285427386836,-1.0941610640588648,0.09194134877436037,-0.47442713194051983,529,0,0,46056.83333
209,-1.8218671547156897,1.3610132767150036,1.2793628080888817,2.7428234071479483,-0.9031314926886908,-0.5660198159942555,1.6336310424083658,-1.0526623119907939,0.09194134877436037,-0.47442713194051983,533,0,0,91301.33333
210,-1.4946201075245278,1.3755812408829489,0.728277348611117,-0.2136145992129722,0.3368174333561479,0.7996742825064512,-0.3319062867940872,0.2136104200322428,0.09194134877436037,-0.47442713194051983,535,0,1,68346.83333
211,-1.605306608780362,1.3746870997669334,0.5983917925099237,-0.2696411056228243,0.5903767291076338,0.7346412301968938,-0.806089428421078,0.7564589605983627,0.09194134877436037,-0.47442713194051983,539,0,1,55693.25
212,-2.069708668397231,1.3749269924115783,0.6694970648260672,-0.26499261819143927,0.4754405650256158,0.7996742825064512,-0.9717467551632246,0.8944142715273561,0.09194134877436037,-0.47442713194051983,541,0,0,51622.08333
213,-1.6029003804921917,1.3757557098343145,0.7093726865116288,-0.2302512910726664,0.6013219047493398,0.7996742825064512,-1.2360096335376012,1.4013719994940632,0.09194134877436037,-0.47442713194051983,543,0,0,44344.33333
214,-1.5619944995932964,1.371415851640795,0.7283893430548343,-0.2136145992129722,0.410478701821711,0.7996742825064512,-0.868758734569562,0.7071090932741703,0.09194134877436037,-0.47442713194051983,545,0,0,35681.08333
215,-1.9012726882253097,1.3686461909324217,0.6987276146362947,-0.2395482659354365,0.5589832231633884,0.7996742825064512,-1.3219060251816772,1.4922206188863274,0.09194134877436037,-0.47442713194051983,547,0,0,49757.75
216,-1.6125252936448728,1.3714376595385551,0.7281877530561432,-0.2136145992129722,0.48636210097911076,0.7996742825064512,-1.32628849414311,1.4069799389627216,0.09194134877436037,-0.47442713194051983,549,0,0,34667.25
217,-1.8964602316489692,1.3675775866343256,0.2017130725852656,-0.2021157092511249,0.5681790618774786,0.2794098640299915,-1.0918264047064739,1.1523794870856363,0.09194134877436037,-0.47442713194051983,553,0,0,19932.75
218,-2.4162055418937554,1.645590200023412,0.5098713841957325,-0.29019231321421113,0.2244816349773428,0.6696081778873363,-1.1312686253593658,0.7788907184729961,0.09194134877436037,-0.47442713194051983,562,0,0,29322.66667
219,-2.0023342763284626,1.6465497648327077,0.5963198953011529,-0.21141268411389533,0.20157477710085686,0.6696081778873363,-1.1527427232703849,0.7856202458353858,0.09194134877436037,-0.47442713194051983,564,0,0,33732.83333
220,-2.1755827130767247,1.6981046620701312,-0.3002012263783975,0.48855166015940804,-1.0344736003891621,-0.631052868303813,1.2357028607102996,-1.0818235972278167,0.09194134877436037,-0.47442713194051983,566,0,0,41646.91667
221,-1.9469910257005456,1.7052796046653043,0.728753324996916,-0.2131252847465107,0.05585973896808054,0.7996742825064512,-1.1961291659885658,0.6869205111870005,0.09194134877436037,-0.47442713194051983,567,0,0,17663.5
222,-2.1803951696530652,1.6745080436124167,0.4558788628795994,-0.2794273949520562,0.10358826946614585,0.6045751255777788,-1.1431012915552332,0.6611239896311724,0.09194134877436037,-0.47442713194051983,569,0,0,29642.83333
223,-2.457111422792651,1.7080056438088724,0.5218603893956745,-0.21801842941112667,0.2799876228968365,0.6045751255777788,-1.1233801812287874,0.8405780526282367,0.09194134877436037,-0.47442713194051983,571,0,0,25910.66667
224,-1.997521819752122,1.5855082416832684,-0.05918918349866651,2.7660658443048742,1.661869236960687,-1.2163503390898303,0.22510551820397698,0.8899279199524296,0.09194134877436037,-0.47442713194051983,573,0,0,5699.75
225,-1.5355259884234231,1.5000632020897091,-0.21570141859365924,0.7598765318123593,0.6942495191068905,-0.6960859206133705,1.657734621696244,-0.3617641694520954,0.09194134877436037,-0.47442713194051983,575,0,0,46294.83333
226,-1.5571820430169558,1.483379825684762,0.04213778945460328,0.7444631261188186,-0.9221614416985683,-0.5009867636846981,1.573591217636741,-1.0694861303967687,0.09194134877436037,-0.47442713194051983,577,0,0,69772.66667
227,-1.8940540033607989,1.4838814188718126,-0.006271808842219953,0.8058720916597485,0.7691636910476383,-0.5660198159942555,1.552555366621865,-0.30232001108431766,0.09194134877436037,-0.47442713194051983,579,0,0,61083.75
228,-1.8387107527328816,1.4432743055427497,0.16637322587025685,0.7938838872314393,-1.0805000733360337,-0.43595371137514066,1.7445075071326066,-1.1379029919143993,0.09194134877436037,-0.47442713194051983,581,0,0,70951.58333
229,-1.8964602316489692,1.480566549180869,0.14950686264642443,0.7701521356080523,-0.9847593360813705,-0.43595371137514066,1.6209218824202114,-1.0885531245902065,0.09194134877436037,-0.47442713194051983,585,0,0,71570.75
230,-0.3925675515425271,0.17464003065554198,-0.7452223479336485,-0.8599990094087313,-0.4268154149246885,-0.1107884498273533,-0.5225436866163987,-0.3909254546891183,0.09194134877436037,-0.47442713194051983,587,0,1,19217.08333
231,-0.5730346731553002,0.22990234551287497,-0.45605829397764397,-0.7122260405373316,-0.9064883284146568,0.0843107071013191,-0.6176432630794829,-0.711699592296371,0.09194134877436037,-0.47442713194051983,591,0,0,40846.08333
232,-0.08938278723306842,0.20048290296753465,-0.3664683387259519,-0.6752827983194816,-1.0883011704456726,0.14934375941087658,-0.6733006188896749,-0.8440469637567062,0.09194134877436037,-0.47442713194051983,593,0,0,131893.5
233,-0.40219246469520836,0.21825669156833752,-0.1361069674437404,-0.12088950781850129,-1.2451032223494214,-0.1107884498273533,0.6348663660979106,-1.1479972829579843,0.09194134877436037,-0.47442713194051983,595,0,0,64077.58333
234,0.9332642352393121,0.3779809136387798,-0.8326228118106662,-0.5294670873139281,0.9079995799110055,-0.5009867636846981,-0.945890188290773,-0.07127290497559723,0.09194134877436037,-0.47442713194051983,597,0,1,26307.66667
235,0.5747362203019364,0.36057786506918166,0.19268632042164746,-0.7300860185631793,0.36022072468506555,0.8647073348160087,-0.9765674710208003,0.43232005930991524,0.09194134877436037,-0.47442713194051983,599,0,1,65351.25
236,1.4770718283658015,0.14266901791799863,0.7443149529514413,-0.6911855184794833,-0.008889367041925014,1.450004805602026,-1.002862284789395,0.4042803619666239,0.09194134877436037,-0.47442713194051983,601,0,0,136040.3333
237,1.5083527961120156,0.18275273016225066,0.7197097736667399,-0.709290153738562,-0.06113307798829686,1.450004805602026,-0.9432607069139137,0.29660792416838516,0.09194134877436037,-0.47442713194051983,603,0,0,108208.25
238,1.4987278829593345,0.1538566887017202,0.28031637290828565,-0.7029290656745611,0.1750746866162944,0.9297403871255662,-1.0712288005877413,0.6768262201434156,0.09194134877436037,-0.47442713194051983,607,0,0,97416.66667
239,0.947701604968334,0.34544288402090645,-1.799678034143402,-2.1928916160500997,1.2533281452977019,0.019277654791761637,4.200881360015494,1.235376991221779,0.09194134877436037,-0.47442713194051983,615,0,1,116780.25
240,0.35336321779026814,0.43330865218939263,-0.06972226093028273,0.7102111134665079,-0.9365580118190843,-0.5660198159942555,1.3483323130191132,-1.0436896088409404,0.09194134877436037,-0.47442713194051983,619,0,0,44261.91667
241,0.7046725478631329,0.45068989286123096,-0.2130135519444428,0.764280362010513,0.7236336515531984,-0.6960859206133705,1.4171370757136028,-0.28661778057207465,0.09194134877436037,-0.47442713194051983,621,0,0,41685.41667
242,0.3220822500440541,0.47629287252857766,-0.12291402197383718,0.7650143337102054,0.8959669786115919,-0.631052868303813,1.5210015900995515,-0.1890396338174207,0.09194134877436037,-0.47442713194051983,623,0,0,30425.33333
243,0.6397043840825347,0.48918159972257635,-1.1058892544809935,-0.58549359372378,-0.07817729318844811,-0.761118972922928,1.5713999831560248,-0.34494035104612053,0.09194134877436037,-0.47442713194051983,627,0,0,40767.83333
244,0.9982323990199105,0.566404900320627,2.6555113344323433,0.700424824137276,0.7988551394406892,1.450004805602026,-0.8823443883500027,1.1355556686796617,0.09194134877436037,-0.47442713194051983,635,0,1,193890.1667
245,0.9765763444263776,0.6060960646359135,2.7480747421647305,0.7677055632757445,0.9634346487658662,1.450004805602026,-0.9739379896439407,1.3789402416194303,0.09194134877436037,-0.47442713194051983,637,0,0,153879.8333
246,-0.1519447227254964,0.4962474970596637,-0.5801705365052081,0.7476436701508195,-0.8028755749857213,-0.9562181298516004,1.636698770681368,-1.0930394761651332,0.09194134877436037,-0.47442713194051983,640,0,0,25264.66667
247,-0.4888166830693394,0.5106628059432888,-0.40881903761766686,0.585925238985264,-0.6068552803398773,-0.761118972922928,1.376380114372281,-0.9438682862988234,0.09194134877436037,-0.47442713194051983,642,0,0,34332.91667
248,-0.1519447227254964,0.5305520067810947,-0.1264810450062346,0.759631874579128,-0.8207235395850473,-0.631052868303813,1.4995274921885327,-0.9954613294104795,0.09194134877436037,-0.47442713194051983,644,0,0,43469.08333
249,-0.5369412488327455,0.5447928467133544,-1.688383555699288,-1.7757510333915951,-1.4301783413535591,-0.5009867636846981,0.5849062199375806,-1.2567913086499545,-5.353815463245435,-0.47442713194051983,646,0,0,62622.0
250,-0.250600082540479,0.6841262747589404,-0.1437281893387062,0.7327195789237407,-1.0948966434565497,-0.631052868303813,1.6551051403193844,-1.1412677555955943,0.09194134877436037,-0.47442713194051983,648,0,0,27676.66667
251,-0.09900770038574964,0.5047091286998174,-1.7577025166381401,-1.7857819799540577,-1.4549290949105054,-0.631052868303813,0.5047070379433669,-1.264642423906076,-5.353815463245435,-0.47442713194051983,650,0,0,42373.16667
252,-0.7510955664799029,0.7265216760893196,-0.21423989110314753,0.762323104144667,-1.121491292693956,-0.6960859206133705,1.5494876383488627,-1.1468756950642527,0.09194134877436037,-0.47442713194051983,652,0,0,103785.0833
253,-0.3612865837963131,0.7329333249550364,-0.12163168559327357,0.7672162488092826,-1.0719425062036414,-0.631052868303813,1.644587214811947,-1.1266871129770826,0.09194134877436037,-0.47442713194051983,654,0,0,101691.8333
254,-0.6981585441401561,1.0039890804958354,-0.23154863237966397,-0.2366123791366672,-1.2994272258583637,-0.1107884498273533,0.4091692145841399,-1.1704290408326172,0.587010149867069,2.443176359943851,658,0,0,117010.75
255,0.5145805130976787,0.909210070274581,0.5998141219451341,-0.756753656985336,0.3797943865237966,1.3849717532924686,-1.1111092681367765,0.8899279199524296,0.09194134877436037,-0.47442713194051983,660,0,0,57365.41667000001
256,0.07183450807434218,0.97060051978818,-0.08769736914691716,0.8200622111871342,0.41090421620950934,-0.631052868303813,1.6660613127229655,-0.45373437673809097,0.09194134877436037,-0.47442713194051983,662,0,0,89838.16667
257,0.2450829448226043,0.9939354377034895,-0.1277297830536828,0.757674616713282,0.8226603054691942,-0.631052868303813,1.3649856950725563,-0.18118851856129908,0.09194134877436037,-0.47442713194051983,664,0,0,63104.91667000001
258,0.822577733983478,0.9322832818782004,0.9543381332545823,0.7672162488092826,1.1226243091789283,0.14934375941087658,-0.08254380288858068,0.6510296985875875,0.09194134877436037,-0.47442713194051983,666,0,0,33600.75
259,0.485705773639635,0.9447358395784279,0.7436261871225794,0.6316761415994226,1.6930263460228219,0.0843107071013191,-0.03214540983210791,0.9650743088324505,0.09194134877436037,-0.47442713194051983,668,0,0,36013.33333
260,-0.14713226614915578,1.0157655760576474,0.8948354853075556,0.7023820820031219,1.1753171742013095,0.14934375941087658,0.43108155939130216,0.20575930477612117,0.09194134877436037,-0.47442713194051983,670,0,0,68223.25
261,0.23305180338175274,1.033408517271891,0.9522606363236255,0.7650143337102054,0.8639588407738602,0.14934375941087658,0.0861812521265683,0.3448362035988462,0.09194134877436037,-0.47442713194051983,672,0,0,64624.08333
262,-0.1808194621835401,1.0492849841518623,-0.1828870465844763,0.671555270616042,1.0124397224273267,-0.631052868303813,1.5021569735653924,-0.12847388755591152,0.09194134877436037,-0.47442713194051983,674,0,0,57233.58333
263,0.2932075105860104,1.0570051299603207,0.920840595138724,0.7307623210578947,1.2277263629651587,0.14934375941087658,0.254029813349431,0.5074664481899358,0.09194134877436037,-0.47442713194051983,676,0,0,37111.0
264,-0.0869765589448981,1.0808634489604403,0.6972100899239246,-0.7256821883650253,0.5603779647678392,1.450004805602026,-0.778918120860197,0.7441214937673146,0.09194134877436037,-0.47442713194051983,678,0,0,48954.91667
265,0.2138019770763903,1.0358510479752934,0.9574851771230397,0.7706414500745141,0.7618353877022193,0.14934375941087658,-0.6255317072100613,0.7912281853040442,0.09194134877436037,-0.47442713194051983,680,0,0,44382.0
266,0.5578926222847442,0.8292389168659172,-0.336963402528617,0.7065412549680459,0.7424981227455988,-0.761118972922928,0.09889041211472267,-0.32923812053387735,0.09194134877436037,-0.47442713194051983,682,0,0,52632.08333
267,0.9356704635274825,0.8124028851766497,0.2574359080568318,-0.7222569870997941,0.3569820874001547,0.9297403871255662,-0.8227428104745215,0.6028014191571265,0.09194134877436037,-0.47442713194051983,684,0,0,64874.5
268,-0.06532050435136534,0.8506765072911096,-0.12727060583444183,0.7584085884129744,-1.039319736472423,-0.631052868303813,1.6393282520582277,-1.1154712340397663,0.09194134877436037,-0.47442713194051983,686,0,0,81948.25
269,0.909201952357609,0.8619950312306761,0.7348458227351392,-0.6982805782431761,0.2795148291326161,1.450004805602026,-0.8437786614893971,0.5422356728956169,0.09194134877436037,-0.47442713194051983,688,0,0,67178.16667
270,0.5386427959793818,0.8727247303921527,0.8400030056635424,0.6424410598615776,1.0278527991409174,0.14934375941087658,0.11028483141444664,0.4581165808657429,0.09194134877436037,-0.47442713194051983,690,0,0,53451.08333
271,-0.4455045738822739,0.9381715354283916,-0.025316463996354968,0.7772471953717451,-0.9410495525791797,-0.5660198159942555,1.5043482080461084,-1.054905487778257,0.09194134877436037,-0.47442713194051983,692,0,0,56684.75
272,0.8658898431705435,0.9435363821244871,0.7282829483333031,-0.7029290656745611,0.31539987583695644,1.450004805602026,-0.7057308892042751,0.4401711745660369,0.09194134877436037,-0.47442713194051983,694,0,0,54577.33333
273,-0.10622638525026057,1.0510732663838942,-0.8933797975273271,-0.33667718752806186,-1.2664735004921905,-0.6960859206133705,0.39163933873840984,-1.149118870851716,0.587010149867069,1.586923161238655,696,0,1,60452.25
274,-0.11344507011477148,1.1220593870675941,0.5152583169385369,0.3757646756400114,1.2012262724805962,0.0843107071013191,0.1611214713670629,0.48054833874037634,0.09194134877436037,-0.47442713194051983,706,0,0,41774.33333
275,0.27636391256881826,1.1060738806988217,0.8452443456295146,0.7454417550517423,1.0025583327551173,0.0843107071013191,-0.03170716293596444,0.47045404769679144,0.09194134877436037,-0.47442713194051983,708,0,0,43417.0
276,-0.4815979982048285,1.365614835450929,0.057408231855463815,0.7667269343428215,-1.0526052412470206,-0.5009867636846981,1.6783322258149764,-1.1255655250833512,0.09194134877436037,-0.47442713194051983,716,0,0,46754.0
277,-0.2987246483038851,1.1251125504468469,-0.1705676577755681,-0.162725894700967,-0.7361407351659893,-0.1107884498273533,0.6098862930177459,-0.8496549032253645,0.09194134877436037,-0.47442713194051983,718,0,0,20921.0
278,-0.043664449757832575,1.1419267742383545,-0.15511242454257448,-0.05801259887818693,-1.0751338641121302,-0.17582150213691078,0.6125157743946055,-1.0605134272469152,0.09194134877436037,-0.47442713194051983,720,0,0,56508.16667000001
279,-0.2554125391168196,1.1168253877580583,-0.12358598863614116,0.7640357047772824,-0.8623766702128786,-0.631052868303813,1.6708820285805412,-1.0358384935848188,0.09194134877436037,-0.47442713194051983,722,0,0,36691.33333
